Workbook

Sheet Planilha1
A1: ID | B1: camera | C1: patrimonio | D1: sd | E1: data_instalacao | F1: hora_instalacao | G1: bateria_inicio | H1: data_retirada | I1: hora_retirada | J1: bateria_fim | K1: n_fotos | L1: vegetacao | M1: altura_media_veg | N1: lat | O1: long | P1: observacoes | Q1: mamiferos | R1: agricultura_3000m | S1: cana_3000m | T1: floresta_3000m | U1: pastagem_3000m | V1: veg_herb_3000m | W1: ndvi_vegnativa_3000m | X1: ndvi_cana_3000 | Y1: enn_mn_3000
A2: P003 | B2: C1 | C2: 059.028589 | D2: 7A | E2: 42895 | F2: 0.49027778 | G2: 99 | H2: 42922 | I2: 0.33541667 | J2: 68 | K2: 252 | L2: app | M2: 9 | N2: 21.40782 | O2: 048.71703 | P2: transição de mata mesófila para cerrado / muito cipó / mais mesófila que cerrado / presença de apiário | Q2: foçados de tatus | R2: =VLOOKUP(A2,comp!A:F,2,FALSE) -> 29.234672 | S2: =VLOOKUP(A2,comp!A:F,3,FALSE) -> 58.883721 | T2: =VLOOKUP(A2,comp!A:F,4,FALSE) -> 9.5870331 | U2: =VLOOKUP(A2,comp!A:F,5,FALSE) -> 1.9281184 | V2: =VLOOKUP(A2,comp!A:F,6,FALSE) -> 0.10147992 | W2: =VLOOKUP(A2,ndvi_vegnativa!A:F,2,FALSE) -> 0.8295516 | X2: =VLOOKUP(A2,ndvi_cana!A:F,2,FALSE) -> 0.50019547 | Y2: =VLOOKUP(A2,fragmentos!A:F,2,FALSE) -> 148.78106
A3: P003 | B3: C2 | C3: 059.028606 | D3: 8A | E3: 42895 | F3: 0.53333333 | G3: 99 | H3: 42922 | I3: 0.35277778 | J3: 68 | K3: 426 | L3: app | M3: 9 | N3: 21.40922 | O3: 048.71751 | P3: muito fechado com cipó / impossível andar / em regeneracao | Q3: rastro de Cuniculus paca | R3: =VLOOKUP(A3,comp!A:F,2,FALSE) -> 29.234672 | S3: =VLOOKUP(A3,comp!A:F,3,FALSE) -> 58.883721 | T3: =VLOOKUP(A3,comp!A:F,4,FALSE) -> 9.5870331 | U3: =VLOOKUP(A3,comp!A:F,5,FALSE) -> 1.9281184 | V3: =VLOOKUP(A3,comp!A:F,6,FALSE) -> 0.10147992 | W3: =VLOOKUP(A3,ndvi_vegnativa!A:F,2,FALSE) -> 0.8295516 | X3: =VLOOKUP(A3,ndvi_cana!A:F,2,FALSE) -> 0.50019547 | Y3: =VLOOKUP(A3,fragmentos!A:F,2,FALSE) -> 148.78106
A4: P003 | B4: C3 | C4: 059.028602 | D4: 9A | E4: 42895 | F4: 0.55486111 | G4: 99 | H4: 42922 | I4: 0.36388889 | J4: 83 | K4: 329 | L4: capoeira | M4: 6 | N4: 21.40947 | O4: 048.71638 | P4: árvores distantes / ambiente aberto mais semelhante à estacional semidecidual / mata em regenereção | Q4: rastro de cachorro | R4: =VLOOKUP(A4,comp!A:F,2,FALSE) -> 29.234672 | S4: =VLOOKUP(A4,comp!A:F,3,FALSE) -> 58.883721 | T4: =VLOOKUP(A4,comp!A:F,4,FALSE) -> 9.5870331 | U4: =VLOOKUP(A4,comp!A:F,5,FALSE) -> 1.9281184 | V4: =VLOOKUP(A4,comp!A:F,6,FALSE) -> 0.10147992 | W4: =VLOOKUP(A4,ndvi_vegnativa!A:F,2,FALSE) -> 0.8295516 | X4: =VLOOKUP(A4,ndvi_cana!A:F,2,FALSE) -> 0.50019547 | Y4: =VLOOKUP(A4,fragmentos!A:F,2,FALSE) -> 148.78106
A5: P006 | B5: C1 | C5: 059028601 | D5: 10B | E5: 43354 | F5: 0.49652778 | G5: 95 | H5: 43397 | I5: 0.46319444 | J5: NA | K5: 83 | L5: decidua | M5: 19 | N5: 21.08277 | O5: 047.59609 | P5: alto de morro, muito seco, muita pedra. Caraguatá, caixa de abelha perto | R5: =VLOOKUP(A5,comp!A:F,2,FALSE) -> 18.718462 | S5: =VLOOKUP(A5,comp!A:F,3,FALSE) -> 62.946466 | T5: =VLOOKUP(A5,comp!A:F,4,FALSE) -> 10.261326 | U5: =VLOOKUP(A5,comp!A:F,5,FALSE) -> 7.932794 | V5: =VLOOKUP(A5,comp!A:F,6,FALSE) -> 0.064838046 | W5: =VLOOKUP(A5,ndvi_vegnativa!A:F,2,FALSE) -> 0.7741789 | X5: =VLOOKUP(A5,ndvi_cana!A:F,2,FALSE) -> 0.58468119 | Y5: =VLOOKUP(A5,fragmentos!A:F,2,FALSE) -> 154.97493
A6: P006 | B6: C2 | C6: 059028602 | D6: 2B | E6: 43354 | F6: 0.59652778 | G6: 97 | H6: 43397 | I6: 0.49375 | J6: NA | K6: 465 | L6: app | M6: 19 | N6: 21.09046 | O6: 047.59980 | P6: solo úmido com "gengibre" | R6: =VLOOKUP(A6,comp!A:F,2,FALSE) -> 18.718462 | S6: =VLOOKUP(A6,comp!A:F,3,FALSE) -> 62.946466 | T6: =VLOOKUP(A6,comp!A:F,4,FALSE) -> 10.261326 | U6: =VLOOKUP(A6,comp!A:F,5,FALSE) -> 7.932794 | V6: =VLOOKUP(A6,comp!A:F,6,FALSE) -> 0.064838046 | W6: =VLOOKUP(A6,ndvi_vegnativa!A:F,2,FALSE) -> 0.7741789 | X6: =VLOOKUP(A6,ndvi_cana!A:F,2,FALSE) -> 0.58468119 | Y6: =VLOOKUP(A6,fragmentos!A:F,2,FALSE) -> 154.97493
A7: P006 | B7: C3 | C7: 059028587 | D7: 1B | E7: 43354 | F7: 0.62013889 | G7: 96 | H7: 43397 | I7: 0.48194444 | J7: NA | K7: 183 | L7: app | M7: 19 | N7: 21.08933 | O7: 047.60086 | P7: com muito "gengibre" | R7: =VLOOKUP(A7,comp!A:F,2,FALSE) -> 18.718462 | S7: =VLOOKUP(A7,comp!A:F,3,FALSE) -> 62.946466 | T7: =VLOOKUP(A7,comp!A:F,4,FALSE) -> 10.261326 | U7: =VLOOKUP(A7,comp!A:F,5,FALSE) -> 7.932794 | V7: =VLOOKUP(A7,comp!A:F,6,FALSE) -> 0.064838046 | W7: =VLOOKUP(A7,ndvi_vegnativa!A:F,2,FALSE) -> 0.7741789 | X7: =VLOOKUP(A7,ndvi_cana!A:F,2,FALSE) -> 0.58468119 | Y7: =VLOOKUP(A7,fragmentos!A:F,2,FALSE) -> 154.97493
A8: P009 | B8: C1 | C8: 059031067 | D8: 1A | E8: 43327 | F8: 0.72013889 | G8: 99 | H8: 43327 | I8: 0.64236111 | J8: 85 | K8: 11 | L8: app | M8: 25 | N8: 21.20505 | O8: 048.20357 | P8: app riparia em regeneracao / antiga plantacao de eucalipto / solo encharcado / nascente proxima | R8: =VLOOKUP(A8,comp!A:F,2,FALSE) -> 19.082786 | S8: =VLOOKUP(A8,comp!A:F,3,FALSE) -> 71.826817 | T8: =VLOOKUP(A8,comp!A:F,4,FALSE) -> 1.801167 | U8: =VLOOKUP(A8,comp!A:F,5,FALSE) -> 0.28187276 | V8: =VLOOKUP(A8,comp!A:F,6,FALSE) -> 4.3746653 | W8: =VLOOKUP(A8,ndvi_vegnativa!A:F,2,FALSE) -> 0.64742379 | X8: =VLOOKUP(A8,ndvi_cana!A:F,2,FALSE) -> 0.58366613 | Y8: =VLOOKUP(A8,fragmentos!A:F,2,FALSE) -> 158.05964
A9: P009 | B9: C2 | C9: 059028604 | D9: 3A | E9: 43327 | F9: 0.74375 | G9: 93 | H9: 43327 | I9: 0.65625 | J9: 73 | K9: 197 | L9: app | M9: 20 | N9: 21.20436 | O9: 048.19925 | P9: app degradada com eucaliptos / riacho perto | Q9: visualizacao macaco prego / carcaca de porco domestico | R9: =VLOOKUP(A9,comp!A:F,2,FALSE) -> 19.082786 | S9: =VLOOKUP(A9,comp!A:F,3,FALSE) -> 71.826817 | T9: =VLOOKUP(A9,comp!A:F,4,FALSE) -> 1.801167 | U9: =VLOOKUP(A9,comp!A:F,5,FALSE) -> 0.28187276 | V9: =VLOOKUP(A9,comp!A:F,6,FALSE) -> 4.3746653 | W9: =VLOOKUP(A9,ndvi_vegnativa!A:F,2,FALSE) -> 0.64742379 | X9: =VLOOKUP(A9,ndvi_cana!A:F,2,FALSE) -> 0.58366613 | Y9: =VLOOKUP(A9,fragmentos!A:F,2,FALSE) -> 158.05964
A10: P009 | B10: C3 | C10: 059028607 | D10: 17A | E10: 43327 | F10: 0.75763889 | G10: 87 | H10: 43327 | I10: 0.67777778 | J10: 84 | K10: 108 | L10: app | M10: 4 | N10: 21.20538 | O10: 048.19288 | P10: app riparia degradada / muito bambu / agua nas imediacoes | R10: =VLOOKUP(A10,comp!A:F,2,FALSE) -> 19.082786 | S10: =VLOOKUP(A10,comp!A:F,3,FALSE) -> 71.826817 | T10: =VLOOKUP(A10,comp!A:F,4,FALSE) -> 1.801167 | U10: =VLOOKUP(A10,comp!A:F,5,FALSE) -> 0.28187276 | V10: =VLOOKUP(A10,comp!A:F,6,FALSE) -> 4.3746653 | W10: =VLOOKUP(A10,ndvi_vegnativa!A:F,2,FALSE) -> 0.64742379 | X10: =VLOOKUP(A10,ndvi_cana!A:F,2,FALSE) -> 0.58366613 | Y10: =VLOOKUP(A10,fragmentos!A:F,2,FALSE) -> 158.05964
A11: P010 | B11: C1 | C11: 059.028592 | D11: 1A | E11: 42891 | F11: 0.53333333 | G11: 99 | H11: 42919 | I11: 0.38333333 | J11: 81 | K11: 102 | L11: eucalipto | M11: 20 | N11: 21.60966 | O11: 048.20454 | P11: formigueiro com sauva no pé da camera / prop. Jaiminho | R11: =VLOOKUP(A11,comp!A:F,2,FALSE) -> 56.627864 | S11: =VLOOKUP(A11,comp!A:F,3,FALSE) -> 33.135094 | T11: =VLOOKUP(A11,comp!A:F,4,FALSE) -> 4.881761 | U11: =VLOOKUP(A11,comp!A:F,5,FALSE) -> 3.2695397 | V11: =VLOOKUP(A11,comp!A:F,6,FALSE) -> 0.13810987 | W11: =VLOOKUP(A11,ndvi_vegnativa!A:F,2,FALSE) -> 0.79797654 | X11: =VLOOKUP(A11,ndvi_cana!A:F,2,FALSE) -> 0.56314177 | Y11: =VLOOKUP(A11,fragmentos!A:F,2,FALSE) -> 171.47332
A12: P010 | B12: C2 | C12: 059.031067 | D12: 2A | E12: 42891 | F12: 0.57013889 | G12: 97 | H12: 42919 | I12: 0.40347222 | J12: 79 | K12: 112 | L12: app/eucalipto | M12: 14 | N12: 21.59892 | O12: 048.21135 | R12: =VLOOKUP(A12,comp!A:F,2,FALSE) -> 56.627864 | S12: =VLOOKUP(A12,comp!A:F,3,FALSE) -> 33.135094 | T12: =VLOOKUP(A12,comp!A:F,4,FALSE) -> 4.881761 | U12: =VLOOKUP(A12,comp!A:F,5,FALSE) -> 3.2695397 | V12: =VLOOKUP(A12,comp!A:F,6,FALSE) -> 0.13810987 | W12: =VLOOKUP(A12,ndvi_vegnativa!A:F,2,FALSE) -> 0.79797654 | X12: =VLOOKUP(A12,ndvi_cana!A:F,2,FALSE) -> 0.56314177 | Y12: =VLOOKUP(A12,fragmentos!A:F,2,FALSE) -> 171.47332
A13: P010 | B13: C3 | C13: 059.028599 | D13: 3A | E13: 42891 | F13: 0.39513889 | G13: 99 | H13: 42919 | I13: 0.40833333 | J13: 82 | K13: 114 | L13: app | M13: 9 | N13: 21.59838 | O13: 048.21051 | P13: ao lado de plantio de eucalipto / largura do curso d'água = 8m | R13: =VLOOKUP(A13,comp!A:F,2,FALSE) -> 56.627864 | S13: =VLOOKUP(A13,comp!A:F,3,FALSE) -> 33.135094 | T13: =VLOOKUP(A13,comp!A:F,4,FALSE) -> 4.881761 | U13: =VLOOKUP(A13,comp!A:F,5,FALSE) -> 3.2695397 | V13: =VLOOKUP(A13,comp!A:F,6,FALSE) -> 0.13810987 | W13: =VLOOKUP(A13,ndvi_vegnativa!A:F,2,FALSE) -> 0.79797654 | X13: =VLOOKUP(A13,ndvi_cana!A:F,2,FALSE) -> 0.56314177 | Y13: =VLOOKUP(A13,fragmentos!A:F,2,FALSE) -> 171.47332
A14: P011 | B14: C1 | C14: 059.028608 | D14: 2B | E14: 43223 | F14: 0.37152778 | G14: 97 | H14: 43263 | I14: 0.67916667 | J14: 80 | K14: 118 | L14: mesofila | M14: 7.5 | N14: 20.83016 | O14: 047.53245 | P14: mata mesofila semidecidual degradada / emergentes 15-20m / dossel descontinuo / muito cipo | Q14: escarificaçção de sagui | R14: =VLOOKUP(A14,comp!A:F,2,FALSE) -> 29.41276 | S14: =VLOOKUP(A14,comp!A:F,3,FALSE) -> 49.925291 | T14: =VLOOKUP(A14,comp!A:F,4,FALSE) -> 15.914409 | U14: =VLOOKUP(A14,comp!A:F,5,FALSE) -> 4.2175298 | V14: =VLOOKUP(A14,comp!A:F,6,FALSE) -> 0.36085817 | W14: =VLOOKUP(A14,ndvi_vegnativa!A:F,2,FALSE) -> 0.79507342 | X14: =VLOOKUP(A14,ndvi_cana!A:F,2,FALSE) -> 0.66780353 | Y14: =VLOOKUP(A14,fragmentos!A:F,2,FALSE) -> 137.03222
A15: P011 | B15: C2 | C15: 059.031068 | D15: 4B | E15: 43223 | F15: 0.46319444 | G15: 94 | H15: 43263 | I15: 0.70763889 | J15: 63 | K15: 1971 | L15: app | M15: 7 | N15: 20.82955 | O15: 047.52499 | P15: mata ciliar em regeneração / AF ao lado do rio com 8-10m de largura | Q15: rastro de boi | R15: =VLOOKUP(A15,comp!A:F,2,FALSE) -> 29.41276 | S15: =VLOOKUP(A15,comp!A:F,3,FALSE) -> 49.925291 | T15: =VLOOKUP(A15,comp!A:F,4,FALSE) -> 15.914409 | U15: =VLOOKUP(A15,comp!A:F,5,FALSE) -> 4.2175298 | V15: =VLOOKUP(A15,comp!A:F,6,FALSE) -> 0.36085817 | W15: =VLOOKUP(A15,ndvi_vegnativa!A:F,2,FALSE) -> 0.79507342 | X15: =VLOOKUP(A15,ndvi_cana!A:F,2,FALSE) -> 0.66780353 | Y15: =VLOOKUP(A15,fragmentos!A:F,2,FALSE) -> 137.03222
A16: P011 | B16: C3 | C16: 059.028599 | D16: 1B | E16: 43223 | F16: 0.60416667 | G16: 95 | H16: 43263 | I16: 0.68819444 | J16: 80 | K16: 238 | L16: mesofila | M16: 7 | N16: 20.83284 | O16: 047.53115 | P16: emergentes 19m / broto de cafe / dossel descontinuo | R16: =VLOOKUP(A16,comp!A:F,2,FALSE) -> 29.41276 | S16: =VLOOKUP(A16,comp!A:F,3,FALSE) -> 49.925291 | T16: =VLOOKUP(A16,comp!A:F,4,FALSE) -> 15.914409 | U16: =VLOOKUP(A16,comp!A:F,5,FALSE) -> 4.2175298 | V16: =VLOOKUP(A16,comp!A:F,6,FALSE) -> 0.36085817 | W16: =VLOOKUP(A16,ndvi_vegnativa!A:F,2,FALSE) -> 0.79507342 | X16: =VLOOKUP(A16,ndvi_cana!A:F,2,FALSE) -> 0.66780353 | Y16: =VLOOKUP(A16,fragmentos!A:F,2,FALSE) -> 137.03222
A17: P013 | B17: C1 | C17: 059.028605 | D17: 5A | E17: 43195 | F17: 0.45763889 | G17: 99 | H17: 43228 | I17: 0.675 | J17: 85 | K17: 168 | L17: cerradao | M17: 8 | N17: 20.68538 | O17: 047.18901 | P17: cerradao topo de morro com caraguatá e boi / emergentes 15m | Q17: rastro de boi | R17: =VLOOKUP(A17,comp!A:F,2,FALSE) -> 55.055515 | S17: =VLOOKUP(A17,comp!A:F,3,FALSE) -> 8.0369723 | T17: =VLOOKUP(A17,comp!A:F,4,FALSE) -> 12.824776 | U17: =VLOOKUP(A17,comp!A:F,5,FALSE) -> 22.772361 | V17: =VLOOKUP(A17,comp!A:F,6,FALSE) -> 0 | W17: =VLOOKUP(A17,ndvi_vegnativa!A:F,2,FALSE) -> 0.83003473 | X17: =VLOOKUP(A17,ndvi_cana!A:F,2,FALSE) -> 0.63405669 | Y17: =VLOOKUP(A17,fragmentos!A:F,2,FALSE) -> 149.96065
A18: P013 | B18: C2 | C18: 059.028591 | D18: 13A | E18: 43195 | F18: 0.56041667 | G18: 99 | H18: 43228 | I18: 0.66180556 | J18: 85 | K18: 191 | L18: mesofila | M18: 11 | N18: 20.67730 | O18: 047.18070 | P18: mesofila ao lado de cursa dágua / serrapilheira / degradado / descontinuo / trilha de boi / proximo a residencia | R18: =VLOOKUP(A18,comp!A:F,2,FALSE) -> 55.055515 | S18: =VLOOKUP(A18,comp!A:F,3,FALSE) -> 8.0369723 | T18: =VLOOKUP(A18,comp!A:F,4,FALSE) -> 12.824776 | U18: =VLOOKUP(A18,comp!A:F,5,FALSE) -> 22.772361 | V18: =VLOOKUP(A18,comp!A:F,6,FALSE) -> 0 | W18: =VLOOKUP(A18,ndvi_vegnativa!A:F,2,FALSE) -> 0.83003473 | X18: =VLOOKUP(A18,ndvi_cana!A:F,2,FALSE) -> 0.63405669 | Y18: =VLOOKUP(A18,fragmentos!A:F,2,FALSE) -> 149.96065
A19: P013 | B19: C3 | C19: 059.028592 | D19: 2A | E19: 43195 | F19: 0.64166667 | G19: 99 | H19: 43228 | I19: 0.69513889 | J19: 81 | K19: 177 | L19: mesofila | M19: 10 | N19: 20.67754 | O19: 047.19083 | P19: mesofila proxima de rio / parte degradada / dossel descontinuo / emergentes 20m / | Q19: boi / cavalo / cachorro | R19: =VLOOKUP(A19,comp!A:F,2,FALSE) -> 55.055515 | S19: =VLOOKUP(A19,comp!A:F,3,FALSE) -> 8.0369723 | T19: =VLOOKUP(A19,comp!A:F,4,FALSE) -> 12.824776 | U19: =VLOOKUP(A19,comp!A:F,5,FALSE) -> 22.772361 | V19: =VLOOKUP(A19,comp!A:F,6,FALSE) -> 0 | W19: =VLOOKUP(A19,ndvi_vegnativa!A:F,2,FALSE) -> 0.83003473 | X19: =VLOOKUP(A19,ndvi_cana!A:F,2,FALSE) -> 0.63405669 | Y19: =VLOOKUP(A19,fragmentos!A:F,2,FALSE) -> 149.96065
A20: P015 | B20: C1 | C20: 059.028604 | D20: 12B | E20: 43222 | F20: 0.35208333 | G20: 99 | H20: 43262 | I20: 0.70833333 | J20: 79 | K20: 258 | L20: mesofila | M20: 14 | N20: 20.92410 | O20: 047.48651 | P20: semidecidua muito degradada / dossel descontinuo | Q20: toca de tatu | R20: =VLOOKUP(A20,comp!A:F,2,FALSE) -> 18.511526 | S20: =VLOOKUP(A20,comp!A:F,3,FALSE) -> 71.887505 | T20: =VLOOKUP(A20,comp!A:F,4,FALSE) -> 9.1444513 | U20: =VLOOKUP(A20,comp!A:F,5,FALSE) -> 0.26207518 | V20: =VLOOKUP(A20,comp!A:F,6,FALSE) -> 0.095812433 | W20: =VLOOKUP(A20,ndvi_vegnativa!A:F,2,FALSE) -> 0.76979756 | X20: =VLOOKUP(A20,ndvi_cana!A:F,2,FALSE) -> 0.59983377 | Y20: =VLOOKUP(A20,fragmentos!A:F,2,FALSE) -> 162.04573
A21: P015 | B21: C2 | C21: 059.028590 | D21: 10B | E21: 43222 | F21: 0.38472222 | G21: 99 | H21: 43262 | I21: 0.72013889 | J21: 80 | K21: 158 | L21: app | M21: 14 | N21: 20.92756 | O21: 047.48679 | P21: app riparia com vegetacao de brejo/varzea / dossel descontinuo | R21: =VLOOKUP(A21,comp!A:F,2,FALSE) -> 18.511526 | S21: =VLOOKUP(A21,comp!A:F,3,FALSE) -> 71.887505 | T21: =VLOOKUP(A21,comp!A:F,4,FALSE) -> 9.1444513 | U21: =VLOOKUP(A21,comp!A:F,5,FALSE) -> 0.26207518 | V21: =VLOOKUP(A21,comp!A:F,6,FALSE) -> 0.095812433 | W21: =VLOOKUP(A21,ndvi_vegnativa!A:F,2,FALSE) -> 0.76979756 | X21: =VLOOKUP(A21,ndvi_cana!A:F,2,FALSE) -> 0.59983377 | Y21: =VLOOKUP(A21,fragmentos!A:F,2,FALSE) -> 162.04573
A22: P015 | B22: C3 | C22: 059.031069 | D22: 17B | E22: 43222 | F22: 0.46458333 | G22: 99 | H22: 43262 | I22: 0.69722222 | J22: 87 | K22: 266 | L22: reflorestamento | M22: 7.5 | N22: 20.92194 | O22: 047.47497 | P22: reflorestamento app | Q22: visualização e fezes veado-catingueiro | R22: =VLOOKUP(A22,comp!A:F,2,FALSE) -> 18.511526 | S22: =VLOOKUP(A22,comp!A:F,3,FALSE) -> 71.887505 | T22: =VLOOKUP(A22,comp!A:F,4,FALSE) -> 9.1444513 | U22: =VLOOKUP(A22,comp!A:F,5,FALSE) -> 0.26207518 | V22: =VLOOKUP(A22,comp!A:F,6,FALSE) -> 0.095812433 | W22: =VLOOKUP(A22,ndvi_vegnativa!A:F,2,FALSE) -> 0.76979756 | X22: =VLOOKUP(A22,ndvi_cana!A:F,2,FALSE) -> 0.59983377 | Y22: =VLOOKUP(A22,fragmentos!A:F,2,FALSE) -> 162.04573
A23: P020 | B23: C1 | C23: 059.028608 | D23: 8A | E23: 42948 | F23: 0.46944444 | G23: 99 | H23: 42978 | I23: 0.34097222 | J23: 69 | K23: 528 | L23: app | M23: 8 | N23: 20.82733 | O23: 048.47550 | P23: mata alagada / solo tipo brejo / em regeneracao | Q23: cranio e pegadas de porco | R23: =VLOOKUP(A23,comp!A:F,2,FALSE) -> 28.731228 | S23: =VLOOKUP(A23,comp!A:F,3,FALSE) -> 63.021611 | T23: =VLOOKUP(A23,comp!A:F,4,FALSE) -> 5.221042 | U23: =VLOOKUP(A23,comp!A:F,5,FALSE) -> 0.38601336 | V23: =VLOOKUP(A23,comp!A:F,6,FALSE) -> 2.507678 | W23: =VLOOKUP(A23,ndvi_vegnativa!A:F,2,FALSE) -> 0.7769241 | X23: =VLOOKUP(A23,ndvi_cana!A:F,2,FALSE) -> 0.51090354 | Y23: =VLOOKUP(A23,fragmentos!A:F,2,FALSE) -> 386.30962
A24: P020 | B24: C2 | C24: 059.028607 | D24: 9A | E24: 42948 | F24: 0.51666667 | G24: 93 | H24: 42978 | I24: 0.32916667 | J24: 89 | K24: 426 | L24: transicao | M24: 9 | N24: 20.82887 | O24: 048.47620 | P24: transição de mata alagada para cerradao / um pouco mais seco | Q24: chafurdado de javali | R24: =VLOOKUP(A24,comp!A:F,2,FALSE) -> 28.731228 | S24: =VLOOKUP(A24,comp!A:F,3,FALSE) -> 63.021611 | T24: =VLOOKUP(A24,comp!A:F,4,FALSE) -> 5.221042 | U24: =VLOOKUP(A24,comp!A:F,5,FALSE) -> 0.38601336 | V24: =VLOOKUP(A24,comp!A:F,6,FALSE) -> 2.507678 | W24: =VLOOKUP(A24,ndvi_vegnativa!A:F,2,FALSE) -> 0.7769241 | X24: =VLOOKUP(A24,ndvi_cana!A:F,2,FALSE) -> 0.51090354 | Y24: =VLOOKUP(A24,fragmentos!A:F,2,FALSE) -> 386.30962
A25: P020 | B25: C3 | C25: 059.028604 | D25: 7A | E25: 42948 | F25: 0.66111111 | G25: 90 | H25: 42978 | I25: 0.31666667 | J25: 74 | K25: 126 | L25: reflorestamento | M25: 12 | N25: 20.81842 | O25: 048.48124 | P25: linhas de plantio | R25: =VLOOKUP(A25,comp!A:F,2,FALSE) -> 28.731228 | S25: =VLOOKUP(A25,comp!A:F,3,FALSE) -> 63.021611 | T25: =VLOOKUP(A25,comp!A:F,4,FALSE) -> 5.221042 | U25: =VLOOKUP(A25,comp!A:F,5,FALSE) -> 0.38601336 | V25: =VLOOKUP(A25,comp!A:F,6,FALSE) -> 2.507678 | W25: =VLOOKUP(A25,ndvi_vegnativa!A:F,2,FALSE) -> 0.7769241 | X25: =VLOOKUP(A25,ndvi_cana!A:F,2,FALSE) -> 0.51090354 | Y25: =VLOOKUP(A25,fragmentos!A:F,2,FALSE) -> 386.30962
A26: P021 | B26: C1 | C26: 059028591 | D26: 12B | E26: 43356 | F26: 0.39513889 | G26: 97 | H26: 43396 | I26: 0.61180556 | J26: 83 | K26: 345 | L26: app | M26: 6 | N26: 20.42632 | O26: 048.07698 | P26: solo escuro e molhado | R26: =VLOOKUP(A26,comp!A:F,2,FALSE) -> 37.63129 | S26: =VLOOKUP(A26,comp!A:F,3,FALSE) -> 52.220314 | T26: =VLOOKUP(A26,comp!A:F,4,FALSE) -> 5.9780925 | U26: =VLOOKUP(A26,comp!A:F,5,FALSE) -> 2.9116098 | V26: =VLOOKUP(A26,comp!A:F,6,FALSE) -> 0.6532819 | W26: =VLOOKUP(A26,ndvi_vegnativa!A:F,2,FALSE) -> 0.82636901 | X26: =VLOOKUP(A26,ndvi_cana!A:F,2,FALSE) -> 0.65787421 | Y26: =VLOOKUP(A26,fragmentos!A:F,2,FALSE) -> 362.02819
A27: P021 | B27: C2 | C27: 059028604 | D27: 18B | E27: 43356 | F27: 0.47708333 | G27: 94 | H27: 43396 | I27: 0.625 | J27: 84 | K27: 234 | L27: app | M27: 20 | N27: 20.42219 | O27: 048.08419 | P27: ao lado de córrego e com várias minas, sensor funcionando lentamente | Q27: vocalização de sagui e troncos sujos de javali | R27: =VLOOKUP(A27,comp!A:F,2,FALSE) -> 37.63129 | S27: =VLOOKUP(A27,comp!A:F,3,FALSE) -> 52.220314 | T27: =VLOOKUP(A27,comp!A:F,4,FALSE) -> 5.9780925 | U27: =VLOOKUP(A27,comp!A:F,5,FALSE) -> 2.9116098 | V27: =VLOOKUP(A27,comp!A:F,6,FALSE) -> 0.6532819 | W27: =VLOOKUP(A27,ndvi_vegnativa!A:F,2,FALSE) -> 0.82636901 | X27: =VLOOKUP(A27,ndvi_cana!A:F,2,FALSE) -> 0.65787421 | Y27: =VLOOKUP(A27,fragmentos!A:F,2,FALSE) -> 362.02819
A28: P021 | B28: C3 | C28: 059028590 | D28: 8B | E28: 43356 | F28: 0.51527778 | G28: 89 | H28: 43396 | I28: 0.63888889 | J28: 57 | K28: 362 | L28: app | M28: 20 | N28: 20.42034 | O28: 048.08577 | P28: próximo córrego | R28: =VLOOKUP(A28,comp!A:F,2,FALSE) -> 37.63129 | S28: =VLOOKUP(A28,comp!A:F,3,FALSE) -> 52.220314 | T28: =VLOOKUP(A28,comp!A:F,4,FALSE) -> 5.9780925 | U28: =VLOOKUP(A28,comp!A:F,5,FALSE) -> 2.9116098 | V28: =VLOOKUP(A28,comp!A:F,6,FALSE) -> 0.6532819 | W28: =VLOOKUP(A28,ndvi_vegnativa!A:F,2,FALSE) -> 0.82636901 | X28: =VLOOKUP(A28,ndvi_cana!A:F,2,FALSE) -> 0.65787421 | Y28: =VLOOKUP(A28,fragmentos!A:F,2,FALSE) -> 362.02819
A29: P027 | B29: C1 | C29: 059.028604 | D29: 16B | E29: 42920 | F29: 0.55069444 | G29: 90 | H29: 42948 | I29: 0.31944444 | J29: 68 | K29: 120 | L29: app | M29: 17 | N29: 21.06772 | O29: 048.17506 | P29: em regeneracao | R29: =VLOOKUP(A29,comp!A:F,2,FALSE) -> 14.183018 | S29: =VLOOKUP(A29,comp!A:F,3,FALSE) -> 69.181326 | T29: =VLOOKUP(A29,comp!A:F,4,FALSE) -> 3.1997068 | U29: =VLOOKUP(A29,comp!A:F,5,FALSE) -> 2.8219441 | V29: =VLOOKUP(A29,comp!A:F,6,FALSE) -> 5.9060668 | W29: =VLOOKUP(A29,ndvi_vegnativa!A:F,2,FALSE) -> 0.68702282 | X29: =VLOOKUP(A29,ndvi_cana!A:F,2,FALSE) -> 0.54530585 | Y29: =VLOOKUP(A29,fragmentos!A:F,2,FALSE) -> 206.10476
A30: P027 | B30: C2 | C30: 059.028608 | D30: 17B | E30: 42920 | F30: 0.56666667 | G30: 70 | H30: 42948 | I30: 0.325 | J30: 45 | K30: 77 | L30: app | M30: 17 | N30: 21.06718 | O30: 048.17568 | P30: em regeneracao | Q30: fezes de bugio | R30: =VLOOKUP(A30,comp!A:F,2,FALSE) -> 14.183018 | S30: =VLOOKUP(A30,comp!A:F,3,FALSE) -> 69.181326 | T30: =VLOOKUP(A30,comp!A:F,4,FALSE) -> 3.1997068 | U30: =VLOOKUP(A30,comp!A:F,5,FALSE) -> 2.8219441 | V30: =VLOOKUP(A30,comp!A:F,6,FALSE) -> 5.9060668 | W30: =VLOOKUP(A30,ndvi_vegnativa!A:F,2,FALSE) -> 0.68702282 | X30: =VLOOKUP(A30,ndvi_cana!A:F,2,FALSE) -> 0.54530585 | Y30: =VLOOKUP(A30,fragmentos!A:F,2,FALSE) -> 206.10476
A31: P027 | B31: C3 | C31: 059.028607 | D31: 15B | E31: 42920 | F31: 0.58472222 | G31: 93 | H31: 42948 | I31: 0.33472222 | J31: 78 | K31: 125 | L31: app | M31: 7 | N31: 21.06739 | O31: 048.17810 | P31: em regeneracao | Q31: toca de tatu | R31: =VLOOKUP(A31,comp!A:F,2,FALSE) -> 14.183018 | S31: =VLOOKUP(A31,comp!A:F,3,FALSE) -> 69.181326 | T31: =VLOOKUP(A31,comp!A:F,4,FALSE) -> 3.1997068 | U31: =VLOOKUP(A31,comp!A:F,5,FALSE) -> 2.8219441 | V31: =VLOOKUP(A31,comp!A:F,6,FALSE) -> 5.9060668 | W31: =VLOOKUP(A31,ndvi_vegnativa!A:F,2,FALSE) -> 0.68702282 | X31: =VLOOKUP(A31,ndvi_cana!A:F,2,FALSE) -> 0.54530585 | Y31: =VLOOKUP(A31,fragmentos!A:F,2,FALSE) -> 206.10476
A32: P034 | B32: C1 | C32: 059.028606 | D32: 17A | E32: 42950 | F32: 0.45347222 | G32: 95 | H32: 42982 | I32: 0.31319444 | J32: 64 | K32: 201 | L32: mesofila | M32: 13.5 | N32: 21.52393 | O32: 048.55500 | P32: degradada / muita liana e dossel descontínuo | R32: =VLOOKUP(A32,comp!A:F,2,FALSE) -> 22.419428 | S32: =VLOOKUP(A32,comp!A:F,3,FALSE) -> 66.291977 | T32: =VLOOKUP(A32,comp!A:F,4,FALSE) -> 8.3502366 | U32: =VLOOKUP(A32,comp!A:F,5,FALSE) -> 1.9579671 | V32: =VLOOKUP(A32,comp!A:F,6,FALSE) -> 0.40004508 | W32: =VLOOKUP(A32,ndvi_vegnativa!A:F,2,FALSE) -> 0.83198154 | X32: =VLOOKUP(A32,ndvi_cana!A:F,2,FALSE) -> 0.53925551 | Y32: =VLOOKUP(A32,fragmentos!A:F,2,FALSE) -> 198.1737
A33: P034 | B33: C2 | C33: 059.028596 | D33: 12A | E33: 42950 | F33: 0.55833333 | G33: 99 | H33: 42982 | I33: 0.32708333 | J33: 81 | K33: 580 | L33: mesofila | M33: 9 | N33: 21.52535 | O33: 048.55531 | P33: palmito | R33: =VLOOKUP(A33,comp!A:F,2,FALSE) -> 22.419428 | S33: =VLOOKUP(A33,comp!A:F,3,FALSE) -> 66.291977 | T33: =VLOOKUP(A33,comp!A:F,4,FALSE) -> 8.3502366 | U33: =VLOOKUP(A33,comp!A:F,5,FALSE) -> 1.9579671 | V33: =VLOOKUP(A33,comp!A:F,6,FALSE) -> 0.40004508 | W33: =VLOOKUP(A33,ndvi_vegnativa!A:F,2,FALSE) -> 0.83198154 | X33: =VLOOKUP(A33,ndvi_cana!A:F,2,FALSE) -> 0.53925551 | Y33: =VLOOKUP(A33,fragmentos!A:F,2,FALSE) -> 198.1737
A34: P034 | B34: C3 | C34: 059.028602 | D34: 4A | E34: 42950 | F34: 0.61041667 | G34: 93 | H34: 42982 | I34: 0.30625 | J34: 56 | K34: 361 | L34: mesofila | M34: 12 | N34: 21.52258 | O34: 048.54712 | P34: degradada / emergentes de 20m / dossel descontínuo / muitas lianas | R34: =VLOOKUP(A34,comp!A:F,2,FALSE) -> 22.419428 | S34: =VLOOKUP(A34,comp!A:F,3,FALSE) -> 66.291977 | T34: =VLOOKUP(A34,comp!A:F,4,FALSE) -> 8.3502366 | U34: =VLOOKUP(A34,comp!A:F,5,FALSE) -> 1.9579671 | V34: =VLOOKUP(A34,comp!A:F,6,FALSE) -> 0.40004508 | W34: =VLOOKUP(A34,ndvi_vegnativa!A:F,2,FALSE) -> 0.83198154 | X34: =VLOOKUP(A34,ndvi_cana!A:F,2,FALSE) -> 0.53925551 | Y34: =VLOOKUP(A34,fragmentos!A:F,2,FALSE) -> 198.1737
A35: P036 | B35: C1 | C35: 059031066 | D35: 3B | E35: 43357 | F35: 0.46597222 | G35: 97 | H35: 43396 | I35: 0.40486111 | J35: 83 | K35: 603 | L35: decidua | M35: 20 | N35: 20.65414 | O35: 048.68321 | P35: alto de morro, predominio de angicos, dossel descontínuo, marcas de fogo | R35: =VLOOKUP(A35,comp!A:F,2,FALSE) -> 25.195098 | S35: =VLOOKUP(A35,comp!A:F,3,FALSE) -> 51.097338 | T35: =VLOOKUP(A35,comp!A:F,4,FALSE) -> 17.698267 | U35: =VLOOKUP(A35,comp!A:F,5,FALSE) -> 5.431751 | V35: =VLOOKUP(A35,comp!A:F,6,FALSE) -> 0.17467249 | W35: =VLOOKUP(A35,ndvi_vegnativa!A:F,2,FALSE) -> 0.82827918 | X35: =VLOOKUP(A35,ndvi_cana!A:F,2,FALSE) -> 0.51138194 | Y35: =VLOOKUP(A35,fragmentos!A:F,2,FALSE) -> 178.41672
A36: P036 | B36: C2 | C36: 059031067 | D36: 7B | E36: 43357 | F36: 0.49583333 | G36: 95 | H36: 43396 | I36: 0.38541667 | J36: 84 | K36: 645 | L36: app | M36: 20 | N36: 20.65731 | O36: 048.68097 | P36: córrego estreito e muito limpo perto da câmera, com peixinhos, figueira enorme próxima | Q36: pisados de javali | R36: =VLOOKUP(A36,comp!A:F,2,FALSE) -> 25.195098 | S36: =VLOOKUP(A36,comp!A:F,3,FALSE) -> 51.097338 | T36: =VLOOKUP(A36,comp!A:F,4,FALSE) -> 17.698267 | U36: =VLOOKUP(A36,comp!A:F,5,FALSE) -> 5.431751 | V36: =VLOOKUP(A36,comp!A:F,6,FALSE) -> 0.17467249 | W36: =VLOOKUP(A36,ndvi_vegnativa!A:F,2,FALSE) -> 0.82827918 | X36: =VLOOKUP(A36,ndvi_cana!A:F,2,FALSE) -> 0.51138194 | Y36: =VLOOKUP(A36,fragmentos!A:F,2,FALSE) -> 178.41672
A37: P036 | B37: C3 | C37: 059026608 | D37: 15B | E37: 43357 | F37: 0.62708333 | G37: 95 | H37: 43396 | I37: 0.33819444 | J37: 83 | K37: 561 | L37: app | M37: 20 | N37: 20.65704 | O37: 048.67402 | P37: ao lado de seringal, peryo de riacho, cortaiuva | Q37: marca de javali em árvore | R37: =VLOOKUP(A37,comp!A:F,2,FALSE) -> 25.195098 | S37: =VLOOKUP(A37,comp!A:F,3,FALSE) -> 51.097338 | T37: =VLOOKUP(A37,comp!A:F,4,FALSE) -> 17.698267 | U37: =VLOOKUP(A37,comp!A:F,5,FALSE) -> 5.431751 | V37: =VLOOKUP(A37,comp!A:F,6,FALSE) -> 0.17467249 | W37: =VLOOKUP(A37,ndvi_vegnativa!A:F,2,FALSE) -> 0.82827918 | X37: =VLOOKUP(A37,ndvi_cana!A:F,2,FALSE) -> 0.51138194 | Y37: =VLOOKUP(A37,fragmentos!A:F,2,FALSE) -> 178.41672
A38: P040 | B38: C1 | C38: 059.031067 | D38: 11B | E38: 42977 | F38: 0.53819444 | G38: 90 | H38: 43006 | I38: 0.32222222 | J38: 79 | K38: 231 | L38: app | M38: 10 | N38: 21.20556 | O38: 048.41809 | P38: cerradao / proximo a curso dagua / sub-bosque tipico de areas alagadas | R38: =VLOOKUP(A38,comp!A:F,2,FALSE) -> 25.406046 | S38: =VLOOKUP(A38,comp!A:F,3,FALSE) -> 67.840627 | T38: =VLOOKUP(A38,comp!A:F,4,FALSE) -> 2.1063614 | U38: =VLOOKUP(A38,comp!A:F,5,FALSE) -> 3.502143 | V38: =VLOOKUP(A38,comp!A:F,6,FALSE) -> 0.64008572 | W38: =VLOOKUP(A38,ndvi_vegnativa!A:F,2,FALSE) -> 0.77238381 | X38: =VLOOKUP(A38,ndvi_cana!A:F,2,FALSE) -> 0.49292616 | Y38: =VLOOKUP(A38,fragmentos!A:F,2,FALSE) -> 316.73466
A39: P040 | B39: C2 | C39: 059.028592 | D39: 6B | E39: 42977 | F39: 0.6125 | G39: 83 | H39: 43006 | I39: 0.30833333 | J39: 62 | K39: 193 | L39: app | M39: 15 | N39: 21.20635 | O39: 048.41917 | P39: cerradao / proximo a curso dagua / dossel descontinuo | R39: =VLOOKUP(A39,comp!A:F,2,FALSE) -> 25.406046 | S39: =VLOOKUP(A39,comp!A:F,3,FALSE) -> 67.840627 | T39: =VLOOKUP(A39,comp!A:F,4,FALSE) -> 2.1063614 | U39: =VLOOKUP(A39,comp!A:F,5,FALSE) -> 3.502143 | V39: =VLOOKUP(A39,comp!A:F,6,FALSE) -> 0.64008572 | W39: =VLOOKUP(A39,ndvi_vegnativa!A:F,2,FALSE) -> 0.77238381 | X39: =VLOOKUP(A39,ndvi_cana!A:F,2,FALSE) -> 0.49292616 | Y39: =VLOOKUP(A39,fragmentos!A:F,2,FALSE) -> 316.73466
A40: P040 | B40: C3 | C40: 059.028598 | D40: 15B | E40: 42977 | F40: 0.70763889 | G40: 95 | H40: 43006 | I40: 0.29930556 | J40: 79 | K40: 170 | L40: reflorestamento | M40: 5 | N40: 21.20720 | O40: 048.41933 | P40: borda de reflorestamento em contato com varzea | R40: =VLOOKUP(A40,comp!A:F,2,FALSE) -> 25.406046 | S40: =VLOOKUP(A40,comp!A:F,3,FALSE) -> 67.840627 | T40: =VLOOKUP(A40,comp!A:F,4,FALSE) -> 2.1063614 | U40: =VLOOKUP(A40,comp!A:F,5,FALSE) -> 3.502143 | V40: =VLOOKUP(A40,comp!A:F,6,FALSE) -> 0.64008572 | W40: =VLOOKUP(A40,ndvi_vegnativa!A:F,2,FALSE) -> 0.77238381 | X40: =VLOOKUP(A40,ndvi_cana!A:F,2,FALSE) -> 0.49292616 | Y40: =VLOOKUP(A40,fragmentos!A:F,2,FALSE) -> 316.73466
A41: P043 | B41: C1 | C41: 059.028600 | D41: 14A | E41: 43257 | F41: 0.43402778 | G41: 99 | H41: 43285 | I41: 0.3125 | J41: 81 | K41: 218 | L41: cerradao | M41: 11 | N41: 20.38545 | O41: 047.32777 | P41: mata filiforme / alma de gato (passaro) | Q41: pegada de lebre na retirada da camera | R41: =VLOOKUP(A41,comp!A:F,2,FALSE) -> 43.038724 | S41: =VLOOKUP(A41,comp!A:F,3,FALSE) -> 30.742348 | T41: =VLOOKUP(A41,comp!A:F,4,FALSE) -> 11.769348 | U41: =VLOOKUP(A41,comp!A:F,5,FALSE) -> 14.359393 | V41: =VLOOKUP(A41,comp!A:F,6,FALSE) -> 0 | W41: =VLOOKUP(A41,ndvi_vegnativa!A:F,2,FALSE) -> 0.81586816 | X41: =VLOOKUP(A41,ndvi_cana!A:F,2,FALSE) -> 0.47957858 | Y41: =VLOOKUP(A41,fragmentos!A:F,2,FALSE) -> 196.69299
A42: P043 | B42: C2 | C42: 059.028592 | D42: 15A | E42: 43257 | F42: 0.50208333 | G42: 99 | H42: 43285 | I42: 0.33680556 | J42: 72 | K42: 174 | L42: cerradao | M42: 11 | N42: 20.38112 | O42: 047.32829 | P42: emergentes 20m | Q42: cao domestico | R42: =VLOOKUP(A42,comp!A:F,2,FALSE) -> 43.038724 | S42: =VLOOKUP(A42,comp!A:F,3,FALSE) -> 30.742348 | T42: =VLOOKUP(A42,comp!A:F,4,FALSE) -> 11.769348 | U42: =VLOOKUP(A42,comp!A:F,5,FALSE) -> 14.359393 | V42: =VLOOKUP(A42,comp!A:F,6,FALSE) -> 0 | W42: =VLOOKUP(A42,ndvi_vegnativa!A:F,2,FALSE) -> 0.81586816 | X42: =VLOOKUP(A42,ndvi_cana!A:F,2,FALSE) -> 0.47957858 | Y42: =VLOOKUP(A42,fragmentos!A:F,2,FALSE) -> 196.69299
A43: P043 | B43: C3 | C43: 059.028591 | D43: 16A | E43: 43257 | F43: 0.62361111 | G43: 99 | H43: 43285 | I43: 0.35416667 | J43: 84 | K43: 192 | L43: cerradao | M43: 11 | N43: 20.38209 | O43: 047.33089 | R43: =VLOOKUP(A43,comp!A:F,2,FALSE) -> 43.038724 | S43: =VLOOKUP(A43,comp!A:F,3,FALSE) -> 30.742348 | T43: =VLOOKUP(A43,comp!A:F,4,FALSE) -> 11.769348 | U43: =VLOOKUP(A43,comp!A:F,5,FALSE) -> 14.359393 | V43: =VLOOKUP(A43,comp!A:F,6,FALSE) -> 0 | W43: =VLOOKUP(A43,ndvi_vegnativa!A:F,2,FALSE) -> 0.81586816 | X43: =VLOOKUP(A43,ndvi_cana!A:F,2,FALSE) -> 0.47957858 | Y43: =VLOOKUP(A43,fragmentos!A:F,2,FALSE) -> 196.69299
A44: P046 | B44: C1 | C44: 059.031067 | D44: 10A | E44: 43259 | F44: 0.50208333 | G44: 95 | H44: 43285 | I44: 0.55625 | J44: 83 | K44: 150 | L44: mesofila | M44: 7 | N44: 20.16116 | O44: 047.66942 | P44: mata degradada / dossel descontinuo / emergentes 15m / figueira | Q44: vocalização de callithrix_sp / pegada de tamandua-bandeira e tatu-galinha na estrada na retirada | R44: =VLOOKUP(A44,comp!A:F,2,FALSE) -> 33.870559 | S44: =VLOOKUP(A44,comp!A:F,3,FALSE) -> 26.587022 | T44: =VLOOKUP(A44,comp!A:F,4,FALSE) -> 17.657998 | U44: =VLOOKUP(A44,comp!A:F,5,FALSE) -> 21.884421 | V44: =VLOOKUP(A44,comp!A:F,6,FALSE) -> 0 | W44: =VLOOKUP(A44,ndvi_vegnativa!A:F,2,FALSE) -> 0.81884802 | X44: =VLOOKUP(A44,ndvi_cana!A:F,2,FALSE) -> 0.60620219 | Y44: =VLOOKUP(A44,fragmentos!A:F,2,FALSE) -> 110.48631
A45: P046 | B45: C2 | C45: 059.031066 | D45: 3A | E45: 43259 | F45: 0.55555556 | G45: 95 | H45: 43285 | I45: 0.60208333 | J45: 84 | K45: 236 | L45: mesofila | M45: 22.5 | N45: 20.15295 | O45: 047.66474 | P45: dossel descontinuo / acesso por capim alto | R45: =VLOOKUP(A45,comp!A:F,2,FALSE) -> 33.870559 | S45: =VLOOKUP(A45,comp!A:F,3,FALSE) -> 26.587022 | T45: =VLOOKUP(A45,comp!A:F,4,FALSE) -> 17.657998 | U45: =VLOOKUP(A45,comp!A:F,5,FALSE) -> 21.884421 | V45: =VLOOKUP(A45,comp!A:F,6,FALSE) -> 0 | W45: =VLOOKUP(A45,ndvi_vegnativa!A:F,2,FALSE) -> 0.81884802 | X45: =VLOOKUP(A45,ndvi_cana!A:F,2,FALSE) -> 0.60620219 | Y45: =VLOOKUP(A45,fragmentos!A:F,2,FALSE) -> 110.48631
A46: P046 | B46: C3 | C46: 059.028606 | D46: 11A | E46: 43259 | F46: 0.60763889 | G46: 95 | H46: 43285 | I46: 0.57708333 | J46: 83 | K46: 416 | L46: mesofila | M46: 15 | N46: 20.15926 | O46: 047.66246 | P46: sem subbosque / emergentes 20-25m | R46: =VLOOKUP(A46,comp!A:F,2,FALSE) -> 33.870559 | S46: =VLOOKUP(A46,comp!A:F,3,FALSE) -> 26.587022 | T46: =VLOOKUP(A46,comp!A:F,4,FALSE) -> 17.657998 | U46: =VLOOKUP(A46,comp!A:F,5,FALSE) -> 21.884421 | V46: =VLOOKUP(A46,comp!A:F,6,FALSE) -> 0 | W46: =VLOOKUP(A46,ndvi_vegnativa!A:F,2,FALSE) -> 0.81884802 | X46: =VLOOKUP(A46,ndvi_cana!A:F,2,FALSE) -> 0.60620219 | Y46: =VLOOKUP(A46,fragmentos!A:F,2,FALSE) -> 110.48631
A47: P048 | B47: C1 | C47: 059028607 | D47: 4B | E47: 43356 | F47: 0.67013889 | G47: 95 | H47: 43396 | I47: 0.48541667 | J47: 83 | K47: 527 | L47: mesofila | M47: 15 | N47: 20.58323 | O47: 048.68960 | P47: mata muito degradada, com capim exótico, emergentes 20 mas sem dossel, sensor funciuonanendo lentamente | R47: =VLOOKUP(A47,comp!A:F,2,FALSE) -> 21.670753 | S47: =VLOOKUP(A47,comp!A:F,3,FALSE) -> 58.696204 | T47: =VLOOKUP(A47,comp!A:F,4,FALSE) -> 11.735859 | U47: =VLOOKUP(A47,comp!A:F,5,FALSE) -> 4.8983963 | V47: =VLOOKUP(A47,comp!A:F,6,FALSE) -> 1.4176602 | W47: =VLOOKUP(A47,ndvi_vegnativa!A:F,2,FALSE) -> 0.81116925 | X47: =VLOOKUP(A47,ndvi_cana!A:F,2,FALSE) -> 0.52611183 | Y47: =VLOOKUP(A47,fragmentos!A:F,2,FALSE) -> 131.1708
A48: P048 | B48: C2 | C48: 059031069 | D48: 16B | E48: 43356 | F48: 0.69722222 | G48: 95 | H48: 43396 | I48: 0.50347222 | J48: 84 | K48: 219 | L48: app | M48: 7 | N48: 20.57966 | O48: 048.67546 | P48: sem dossel, parece um reflorestamento com muito capim exótico, sensor funcionando lentamente, próximo várzea | Q48: tocas velhas | R48: =VLOOKUP(A48,comp!A:F,2,FALSE) -> 21.670753 | S48: =VLOOKUP(A48,comp!A:F,3,FALSE) -> 58.696204 | T48: =VLOOKUP(A48,comp!A:F,4,FALSE) -> 11.735859 | U48: =VLOOKUP(A48,comp!A:F,5,FALSE) -> 4.8983963 | V48: =VLOOKUP(A48,comp!A:F,6,FALSE) -> 1.4176602 | W48: =VLOOKUP(A48,ndvi_vegnativa!A:F,2,FALSE) -> 0.81116925 | X48: =VLOOKUP(A48,ndvi_cana!A:F,2,FALSE) -> 0.52611183 | Y48: =VLOOKUP(A48,fragmentos!A:F,2,FALSE) -> 131.1708
A49: P048 | B49: C3 | C49: 059031068 | D49: 17B | E49: 43356 | F49: 0.71597222 | G49: 93 | H49: 43396 | I49: 0.49375 | J49: 83 | K49: 236 | L49: app | M49: 8 | N49: 20.58275 | O49: 048.67747 | P49: sem dossel, reflorestamento, muito degradada. Jamelão ao lado da camera, emergentes 20, mas sem dossel | R49: =VLOOKUP(A49,comp!A:F,2,FALSE) -> 21.670753 | S49: =VLOOKUP(A49,comp!A:F,3,FALSE) -> 58.696204 | T49: =VLOOKUP(A49,comp!A:F,4,FALSE) -> 11.735859 | U49: =VLOOKUP(A49,comp!A:F,5,FALSE) -> 4.8983963 | V49: =VLOOKUP(A49,comp!A:F,6,FALSE) -> 1.4176602 | W49: =VLOOKUP(A49,ndvi_vegnativa!A:F,2,FALSE) -> 0.81116925 | X49: =VLOOKUP(A49,ndvi_cana!A:F,2,FALSE) -> 0.52611183 | Y49: =VLOOKUP(A49,fragmentos!A:F,2,FALSE) -> 131.1708
A50: P059 | B50: C1 | C50: 059.031066 | D50: 13A | E50: 42893 | F50: 0.39722222 | G50: 99 | H50: 42920 | I50: 0.30486111 | J50: 76 | K50: 234 | L50: app | M50: 13.5 | N50: 21.27328 | O50: 047.90051 | P50: presença de figueiras e mangueiras (20m) / sub-bosque (12-15m) / beira de rio | Q50: visualização de uma fêmea de Allouata caraya | R50: =VLOOKUP(A50,comp!A:F,2,FALSE) -> 13.575375 | S50: =VLOOKUP(A50,comp!A:F,3,FALSE) -> 78.836396 | T50: =VLOOKUP(A50,comp!A:F,4,FALSE) -> 5.9956027 | U50: =VLOOKUP(A50,comp!A:F,5,FALSE) -> 1.3417522 | V50: =VLOOKUP(A50,comp!A:F,6,FALSE) -> 0.039463299 | W50: =VLOOKUP(A50,ndvi_vegnativa!A:F,2,FALSE) -> 0.77278703 | X50: =VLOOKUP(A50,ndvi_cana!A:F,2,FALSE) -> 0.63766286 | Y50: =VLOOKUP(A50,fragmentos!A:F,2,FALSE) -> 248.65921
A51: P059 | B51: C2 | C51: 059.028591 | D51: 14A | E51: 42893 | F51: 0.33680556 | G51: 99 | H51: 42920 | I51: 0.3375 | J51: 75 | K51: 79 | L51: app | M51: 16 | N51: 21.27214 | O51: 047.88990 | P51: muito capim / ao lado de curso d'água / cana na borda em processo de corte / maquinário retirando a cana / degradada | R51: =VLOOKUP(A51,comp!A:F,2,FALSE) -> 13.575375 | S51: =VLOOKUP(A51,comp!A:F,3,FALSE) -> 78.836396 | T51: =VLOOKUP(A51,comp!A:F,4,FALSE) -> 5.9956027 | U51: =VLOOKUP(A51,comp!A:F,5,FALSE) -> 1.3417522 | V51: =VLOOKUP(A51,comp!A:F,6,FALSE) -> 0.039463299 | W51: =VLOOKUP(A51,ndvi_vegnativa!A:F,2,FALSE) -> 0.77278703 | X51: =VLOOKUP(A51,ndvi_cana!A:F,2,FALSE) -> 0.63766286 | Y51: =VLOOKUP(A51,fragmentos!A:F,2,FALSE) -> 248.65921
A52: P059 | B52: C3 | C52: 059.028587 | D52: 15A | E52: 42893 | F52: 0.48263889 | G52: 99 | H52: 42920 | I52: 0.48263889 | J52: 70 | K52: 131 | L52: app | M52: 12 | N52: 21.27410 | O52: 047.90031 | P52: próximo de curso d'água / borda com cana de 3m / em regeneração | Q52: toca de tatu | R52: =VLOOKUP(A52,comp!A:F,2,FALSE) -> 13.575375 | S52: =VLOOKUP(A52,comp!A:F,3,FALSE) -> 78.836396 | T52: =VLOOKUP(A52,comp!A:F,4,FALSE) -> 5.9956027 | U52: =VLOOKUP(A52,comp!A:F,5,FALSE) -> 1.3417522 | V52: =VLOOKUP(A52,comp!A:F,6,FALSE) -> 0.039463299 | W52: =VLOOKUP(A52,ndvi_vegnativa!A:F,2,FALSE) -> 0.77278703 | X52: =VLOOKUP(A52,ndvi_cana!A:F,2,FALSE) -> 0.63766286 | Y52: =VLOOKUP(A52,fragmentos!A:F,2,FALSE) -> 248.65921
A53: P064 | B53: C1 | C53: 059.028600 | D53: 16A | E53: 42894 | F53: 0.51736111 | G53: 99 | H53: 42921 | I53: 0.31319444 | J53: 68 | K53: 288 | L53: cerradao | M53: 10 | N53: 21.37341 | O53: 047.65090 | P53: ponto próximo da água / muitas samanbaias / em regeneracao | R53: =VLOOKUP(A53,comp!A:F,2,FALSE) -> 23.426623 | S53: =VLOOKUP(A53,comp!A:F,3,FALSE) -> 52.619712 | T53: =VLOOKUP(A53,comp!A:F,4,FALSE) -> 15.963473 | U53: =VLOOKUP(A53,comp!A:F,5,FALSE) -> 2.5703898 | V53: =VLOOKUP(A53,comp!A:F,6,FALSE) -> 2.4661086 | W53: =VLOOKUP(A53,ndvi_vegnativa!A:F,2,FALSE) -> 0.61097058 | X53: =VLOOKUP(A53,ndvi_cana!A:F,2,FALSE) -> 0.43100385 | Y53: =VLOOKUP(A53,fragmentos!A:F,2,FALSE) -> 148.4318
A54: P064 | B54: C2 | C54: 059.028605 | D54: 17A | E54: 42894 | F54: 0.34861111 | G54: 99 | H54: 42921 | I54: 0.30208333 | J54: 56 | K54: 318 | L54: cerradao | M54: 15 | N54: 21.37523 | O54: 047.65417 | P54: ambiente aberto / altura da vegetação: 4m com árvores emergentes de 15m / em regeneracao | Q54: 2 foçados de tatus | R54: =VLOOKUP(A54,comp!A:F,2,FALSE) -> 23.426623 | S54: =VLOOKUP(A54,comp!A:F,3,FALSE) -> 52.619712 | T54: =VLOOKUP(A54,comp!A:F,4,FALSE) -> 15.963473 | U54: =VLOOKUP(A54,comp!A:F,5,FALSE) -> 2.5703898 | V54: =VLOOKUP(A54,comp!A:F,6,FALSE) -> 2.4661086 | W54: =VLOOKUP(A54,ndvi_vegnativa!A:F,2,FALSE) -> 0.61097058 | X54: =VLOOKUP(A54,ndvi_cana!A:F,2,FALSE) -> 0.43100385 | Y54: =VLOOKUP(A54,fragmentos!A:F,2,FALSE) -> 148.4318
A55: P064 | B55: C3 | C55: 059.028601 | D55: 18A | E55: 42894 | F55: 0.41319444 | G55: 99 | H55: 42921 | I55: 0.29375 | J55: 76 | K55: 196 | L55: cerradao | M55: 10 | N55: 21.37826 | O55: 047.65888 | P55: vestígios de caça nos arredores (foto do Adriano) / carcaça de Javaporco / menos aberto que C2 / em regeneracao | Q55: barreiro de porco | R55: =VLOOKUP(A55,comp!A:F,2,FALSE) -> 23.426623 | S55: =VLOOKUP(A55,comp!A:F,3,FALSE) -> 52.619712 | T55: =VLOOKUP(A55,comp!A:F,4,FALSE) -> 15.963473 | U55: =VLOOKUP(A55,comp!A:F,5,FALSE) -> 2.5703898 | V55: =VLOOKUP(A55,comp!A:F,6,FALSE) -> 2.4661086 | W55: =VLOOKUP(A55,ndvi_vegnativa!A:F,2,FALSE) -> 0.61097058 | X55: =VLOOKUP(A55,ndvi_cana!A:F,2,FALSE) -> 0.43100385 | Y55: =VLOOKUP(A55,fragmentos!A:F,2,FALSE) -> 148.4318
A56: P065 | B56: C1 | C56: 059.031066 | D56: 10A | E56: 42951 | F56: 0.56041667 | G56: 91 | H56: 42983 | I56: 0.30763889 | J56: 71 | K56: 275 | L56: app | M56: 15 | N56: 20.81083 | O56: 047.84102 | P56: curso dágua limpo / emergentes de 20m / riparia decídua | Q56: pegada de cutia e boi | R56: =VLOOKUP(A56,comp!A:F,2,FALSE) -> 22.593647 | S56: =VLOOKUP(A56,comp!A:F,3,FALSE) -> 64.164717 | T56: =VLOOKUP(A56,comp!A:F,4,FALSE) -> 7.5114857 | U56: =VLOOKUP(A56,comp!A:F,5,FALSE) -> 4.9945038 | V56: =VLOOKUP(A56,comp!A:F,6,FALSE) -> 0.21421122 | W56: =VLOOKUP(A56,ndvi_vegnativa!A:F,2,FALSE) -> 0.80065932 | X56: =VLOOKUP(A56,ndvi_cana!A:F,2,FALSE) -> 0.65322347 | Y56: =VLOOKUP(A56,fragmentos!A:F,2,FALSE) -> 251.85772
A57: P065 | B57: C2 | C57: 059.028587 | D57: 16A | E57: 42951 | F57: 0.60486111 | G57: 92 | H57: 42983 | I57: 0.32638889 | J57: 79 | K57: 155 | L57: app | M57: 15 | N57: 20.81195 | O57: 047.83936 | P57: riparia decidua beira de agua / emergentes de 20m | R57: =VLOOKUP(A57,comp!A:F,2,FALSE) -> 22.593647 | S57: =VLOOKUP(A57,comp!A:F,3,FALSE) -> 64.164717 | T57: =VLOOKUP(A57,comp!A:F,4,FALSE) -> 7.5114857 | U57: =VLOOKUP(A57,comp!A:F,5,FALSE) -> 4.9945038 | V57: =VLOOKUP(A57,comp!A:F,6,FALSE) -> 0.21421122 | W57: =VLOOKUP(A57,ndvi_vegnativa!A:F,2,FALSE) -> 0.80065932 | X57: =VLOOKUP(A57,ndvi_cana!A:F,2,FALSE) -> 0.65322347 | Y57: =VLOOKUP(A57,fragmentos!A:F,2,FALSE) -> 251.85772
A58: P065 | B58: C3 | C58: 059.028591 | D58: 18A | E58: 42951 | F58: 0.67777778 | G58: 92 | H58: 42983 | I58: 0.31458333 | J58: NA | K58: 202 | L58: app | M58: 8 | N58: 20.80996 | O58: 047.84095 | P58: mata decidua proximo a curso dágua / demorou para ligar o walktest | Q58: visualização de callithrix penicillata? | R58: =VLOOKUP(A58,comp!A:F,2,FALSE) -> 22.593647 | S58: =VLOOKUP(A58,comp!A:F,3,FALSE) -> 64.164717 | T58: =VLOOKUP(A58,comp!A:F,4,FALSE) -> 7.5114857 | U58: =VLOOKUP(A58,comp!A:F,5,FALSE) -> 4.9945038 | V58: =VLOOKUP(A58,comp!A:F,6,FALSE) -> 0.21421122 | W58: =VLOOKUP(A58,ndvi_vegnativa!A:F,2,FALSE) -> 0.80065932 | X58: =VLOOKUP(A58,ndvi_cana!A:F,2,FALSE) -> 0.65322347 | Y58: =VLOOKUP(A58,fragmentos!A:F,2,FALSE) -> 251.85772
A59: P070 | B59: C1 | C59: 059.031067 | D59: 6B | E59: 43227 | F59: 0.39444444 | G59: 97 | H59: 43259 | I59: 0.3375 | J59: 77 | K59: 172 | L59: cerradao | M59: 10 | N59: 20.50522 | O59: 047.59155 | P59: cerradao preservado / formigas nos galhos e arvores | Q59: toca de tatu | R59: =VLOOKUP(A59,comp!A:F,2,FALSE) -> 41.162214 | S59: =VLOOKUP(A59,comp!A:F,3,FALSE) -> 32.056702 | T59: =VLOOKUP(A59,comp!A:F,4,FALSE) -> 19.800473 | U59: =VLOOKUP(A59,comp!A:F,5,FALSE) -> 2.4743546 | V59: =VLOOKUP(A59,comp!A:F,6,FALSE) -> 0.078908804 | W59: =VLOOKUP(A59,ndvi_vegnativa!A:F,2,FALSE) -> 0.83257489 | X59: =VLOOKUP(A59,ndvi_cana!A:F,2,FALSE) -> 0.55512291 | Y59: =VLOOKUP(A59,fragmentos!A:F,2,FALSE) -> 132.54959
A60: P070 | B60: C2 | C60: 059.031066 | D60: 8B | E60: 43227 | F60: 0.42222222 | G60: 97 | H60: 43259 | I60: 0.37569444 | J60: 83 | K60: 362 | L60: mesofila | M60: 13.5 | N60: 20.51409 | O60: 047.58578 | P60: mata semidecidual já perdendo algumas folhas / solo vermelho com muita rocha / perto da agua / formigueiro perto da AF | R60: =VLOOKUP(A60,comp!A:F,2,FALSE) -> 41.162214 | S60: =VLOOKUP(A60,comp!A:F,3,FALSE) -> 32.056702 | T60: =VLOOKUP(A60,comp!A:F,4,FALSE) -> 19.800473 | U60: =VLOOKUP(A60,comp!A:F,5,FALSE) -> 2.4743546 | V60: =VLOOKUP(A60,comp!A:F,6,FALSE) -> 0.078908804 | W60: =VLOOKUP(A60,ndvi_vegnativa!A:F,2,FALSE) -> 0.83257489 | X60: =VLOOKUP(A60,ndvi_cana!A:F,2,FALSE) -> 0.55512291 | Y60: =VLOOKUP(A60,fragmentos!A:F,2,FALSE) -> 132.54959
A61: P070 | B61: C3 | C61: 059.028606 | D61: 3B | E61: 43227 | F61: 0.47777778 | G61: 97 | H61: 43259 | I61: 0.36736111 | J61: 81 | K61: 927 | L61: app | M61: 8 | N61: 20.50430 | O61: 047.58618 | P61: app em regeneração com capim exotico / jambolões plantados / barragens de agua abandonada / proximo da agua | Q61: fossado de tatu | R61: =VLOOKUP(A61,comp!A:F,2,FALSE) -> 41.162214 | S61: =VLOOKUP(A61,comp!A:F,3,FALSE) -> 32.056702 | T61: =VLOOKUP(A61,comp!A:F,4,FALSE) -> 19.800473 | U61: =VLOOKUP(A61,comp!A:F,5,FALSE) -> 2.4743546 | V61: =VLOOKUP(A61,comp!A:F,6,FALSE) -> 0.078908804 | W61: =VLOOKUP(A61,ndvi_vegnativa!A:F,2,FALSE) -> 0.83257489 | X61: =VLOOKUP(A61,ndvi_cana!A:F,2,FALSE) -> 0.55512291 | Y61: =VLOOKUP(A61,fragmentos!A:F,2,FALSE) -> 132.54959
A62: P074 | B62: C1 | C62: 059.028587 | D62: 6B | E62: 42923 | F62: 0.32638889 | G62: 94 | H62: 42951 | I62: 0.31111111 | J62: 59 | K62: 279 | L62: capoeira | M62: 5 | N62: 20.69627 | O62: 047.94495 | P62: muita liana / goiabeiras / dossel bem aberto | R62: =VLOOKUP(A62,comp!A:F,2,FALSE) -> 28.174882 | S62: =VLOOKUP(A62,comp!A:F,3,FALSE) -> 53.455702 | T62: =VLOOKUP(A62,comp!A:F,4,FALSE) -> 8.7581994 | U62: =VLOOKUP(A62,comp!A:F,5,FALSE) -> 9.5915092 | V62: =VLOOKUP(A62,comp!A:F,6,FALSE) -> 0 | W62: =VLOOKUP(A62,ndvi_vegnativa!A:F,2,FALSE) -> 0.83714981 | X62: =VLOOKUP(A62,ndvi_cana!A:F,2,FALSE) -> 0.68471159 | Y62: =VLOOKUP(A62,fragmentos!A:F,2,FALSE) -> 249.94292
A63: P074 | B63: C2 | C63: 059.028591 | D63: 11B | E63: 42923 | F63: 0.35416667 | G63: 91 | H63: 42951 | I63: 0.37638889 | J63: 78 | K63: 285 | L63: capoeira | M63: 10 | N63: 20.69485 | O63: 047.93403 | P63: muita liana / mata degradada | R63: =VLOOKUP(A63,comp!A:F,2,FALSE) -> 28.174882 | S63: =VLOOKUP(A63,comp!A:F,3,FALSE) -> 53.455702 | T63: =VLOOKUP(A63,comp!A:F,4,FALSE) -> 8.7581994 | U63: =VLOOKUP(A63,comp!A:F,5,FALSE) -> 9.5915092 | V63: =VLOOKUP(A63,comp!A:F,6,FALSE) -> 0 | W63: =VLOOKUP(A63,ndvi_vegnativa!A:F,2,FALSE) -> 0.83714981 | X63: =VLOOKUP(A63,ndvi_cana!A:F,2,FALSE) -> 0.68471159 | Y63: =VLOOKUP(A63,fragmentos!A:F,2,FALSE) -> 249.94292
A64: P074 | B64: C3 | C64: 059.031066 | D64: 9B | E64: 42923 | F64: 0.44444444 | G64: 92 | H64: 42951 | I64: 0.39861111 | J64: 77 | K64: 267 | L64: transicao | M64: 10 | N64: 20.69456 | O64: 047.93093 | P64: transicao mesofila-cerradao / pouca liana/ com vegetacao arbustiva | R64: =VLOOKUP(A64,comp!A:F,2,FALSE) -> 28.174882 | S64: =VLOOKUP(A64,comp!A:F,3,FALSE) -> 53.455702 | T64: =VLOOKUP(A64,comp!A:F,4,FALSE) -> 8.7581994 | U64: =VLOOKUP(A64,comp!A:F,5,FALSE) -> 9.5915092 | V64: =VLOOKUP(A64,comp!A:F,6,FALSE) -> 0 | W64: =VLOOKUP(A64,ndvi_vegnativa!A:F,2,FALSE) -> 0.83714981 | X64: =VLOOKUP(A64,ndvi_cana!A:F,2,FALSE) -> 0.68471159 | Y64: =VLOOKUP(A64,fragmentos!A:F,2,FALSE) -> 249.94292
A65: P075 | B65: C1 | C65: 059.028587 | D65: 5B | E65: 42983 | F65: 0.46180556 | G65: 93 | H65: 43012 | I65: 0.35069444 | J65: 80 | K65: 204 | L65: app | M65: 5 | N65: 20.70702 | O65: 047.63290 | P65: mata riparia / dossel descontinuo / muita goiabeira / trilhas de gado | Q65: gado | R65: =VLOOKUP(A65,comp!A:F,2,FALSE) -> 17.139477 | S65: =VLOOKUP(A65,comp!A:F,3,FALSE) -> 67.160605 | T65: =VLOOKUP(A65,comp!A:F,4,FALSE) -> 11.888329 | U65: =VLOOKUP(A65,comp!A:F,5,FALSE) -> 1.0057188 | V65: =VLOOKUP(A65,comp!A:F,6,FALSE) -> 1.23109 | W65: =VLOOKUP(A65,ndvi_vegnativa!A:F,2,FALSE) -> 0.76870674 | X65: =VLOOKUP(A65,ndvi_cana!A:F,2,FALSE) -> 0.62687552 | Y65: =VLOOKUP(A65,fragmentos!A:F,2,FALSE) -> 114.70128
A66: P075 | B66: C2 | C66: 059.031066 | D66: 12B | E66: 42983 | F66: 0.56875 | G66: 91 | H66: 43012 | I66: 0.34027778 | J66: 75 | K66: 271 | L66: mata | M66: 12 | N66: 20.70213 | O66: 047.62747 | P66: area em regeneracao | R66: =VLOOKUP(A66,comp!A:F,2,FALSE) -> 17.139477 | S66: =VLOOKUP(A66,comp!A:F,3,FALSE) -> 67.160605 | T66: =VLOOKUP(A66,comp!A:F,4,FALSE) -> 11.888329 | U66: =VLOOKUP(A66,comp!A:F,5,FALSE) -> 1.0057188 | V66: =VLOOKUP(A66,comp!A:F,6,FALSE) -> 1.23109 | W66: =VLOOKUP(A66,ndvi_vegnativa!A:F,2,FALSE) -> 0.76870674 | X66: =VLOOKUP(A66,ndvi_cana!A:F,2,FALSE) -> 0.62687552 | Y66: =VLOOKUP(A66,fragmentos!A:F,2,FALSE) -> 114.70128
A67: P075 | B67: C3 | C67: 059.028591 | D67: 10B | E67: 42983 | F67: 0.66666667 | G67: 92 | H67: 43012 | I67: 0.32777778 | J67: 74 | K67: 7035 | L67: app | M67: 4 | N67: 20.70543 | O67: 047.62518 | P67: area riparia em regeneracao / dossel descontinuo / voltada para a estrada | R67: =VLOOKUP(A67,comp!A:F,2,FALSE) -> 17.139477 | S67: =VLOOKUP(A67,comp!A:F,3,FALSE) -> 67.160605 | T67: =VLOOKUP(A67,comp!A:F,4,FALSE) -> 11.888329 | U67: =VLOOKUP(A67,comp!A:F,5,FALSE) -> 1.0057188 | V67: =VLOOKUP(A67,comp!A:F,6,FALSE) -> 1.23109 | W67: =VLOOKUP(A67,ndvi_vegnativa!A:F,2,FALSE) -> 0.76870674 | X67: =VLOOKUP(A67,ndvi_cana!A:F,2,FALSE) -> 0.62687552 | Y67: =VLOOKUP(A67,fragmentos!A:F,2,FALSE) -> 114.70128
A68: P079 | B68: C1 | C68: 059.028608 | D68: 9B | E68: 42978 | F68: 0.45555556 | G68: 99 | H68: 43007 | I68: 0.32430556 | J68: 87 | K68: 158 | L68: transicao | M68: 11 | N68: 20.85230 | O68: 048.57479 | P68: cerradao transicao mesofila | R68: =VLOOKUP(A68,comp!A:F,2,FALSE) -> 9.084761 | S68: =VLOOKUP(A68,comp!A:F,3,FALSE) -> 72.277953 | T68: =VLOOKUP(A68,comp!A:F,4,FALSE) -> 16.326646 | U68: =VLOOKUP(A68,comp!A:F,5,FALSE) -> 0.4283138 | V68: =VLOOKUP(A68,comp!A:F,6,FALSE) -> 1.6343553 | W68: =VLOOKUP(A68,ndvi_vegnativa!A:F,2,FALSE) -> 0.79043094 | X68: =VLOOKUP(A68,ndvi_cana!A:F,2,FALSE) -> 0.54491345 | Y68: =VLOOKUP(A68,fragmentos!A:F,2,FALSE) -> 132.66394
A69: P079 | B69: C2 | C69: 059.028607 | D69: 8B | E69: 42978 | F69: 0.58194444 | G69: 94 | H69: 43007 | I69: 0.33819444 | J69: 81 | K69: 112 | L69: transicao | M69: 8 | N69: 20.84957 | O69: 048.57708 | P69: cerradao transicao mesofila / emergentes 12-15m / presença de samambaias | Q69: javaporco | R69: =VLOOKUP(A69,comp!A:F,2,FALSE) -> 9.084761 | S69: =VLOOKUP(A69,comp!A:F,3,FALSE) -> 72.277953 | T69: =VLOOKUP(A69,comp!A:F,4,FALSE) -> 16.326646 | U69: =VLOOKUP(A69,comp!A:F,5,FALSE) -> 0.4283138 | V69: =VLOOKUP(A69,comp!A:F,6,FALSE) -> 1.6343553 | W69: =VLOOKUP(A69,ndvi_vegnativa!A:F,2,FALSE) -> 0.79043094 | X69: =VLOOKUP(A69,ndvi_cana!A:F,2,FALSE) -> 0.54491345 | Y69: =VLOOKUP(A69,fragmentos!A:F,2,FALSE) -> 132.66394
A70: P079 | B70: C3 | C70: 059.028604 | D70: 1B | E70: 42978 | F70: 0.64722222 | G70: 91 | H70: 43007 | I70: 0.35 | J70: 77 | K70: 177 | L70: cerradao | M70: 15 | N70: 20.84938 | O70: 048.57917 | P70: samambaias / solo úmido | Q70: javaporco | R70: =VLOOKUP(A70,comp!A:F,2,FALSE) -> 9.084761 | S70: =VLOOKUP(A70,comp!A:F,3,FALSE) -> 72.277953 | T70: =VLOOKUP(A70,comp!A:F,4,FALSE) -> 16.326646 | U70: =VLOOKUP(A70,comp!A:F,5,FALSE) -> 0.4283138 | V70: =VLOOKUP(A70,comp!A:F,6,FALSE) -> 1.6343553 | W70: =VLOOKUP(A70,ndvi_vegnativa!A:F,2,FALSE) -> 0.79043094 | X70: =VLOOKUP(A70,ndvi_cana!A:F,2,FALSE) -> 0.54491345 | Y70: =VLOOKUP(A70,fragmentos!A:F,2,FALSE) -> 132.66394
A71: P081 | B71: C1 | C71: 059.028600 | D71: 10B | E71: 42921 | F71: 0.38819444 | G71: 95 | H71: 42949 | I71: 0.30486111 | J71: 68 | K71: 99 | L71: cerradao | M71: 11 | N71: 21.35778 | O71: 047.55171 | P71: sub-bosque fechado / declividade -11° / em regeneracao | R71: =VLOOKUP(A71,comp!A:F,2,FALSE) -> 14.463089 | S71: =VLOOKUP(A71,comp!A:F,3,FALSE) -> 36.618053 | T71: =VLOOKUP(A71,comp!A:F,4,FALSE) -> 18.65533 | U71: =VLOOKUP(A71,comp!A:F,5,FALSE) -> 3.8938003 | V71: =VLOOKUP(A71,comp!A:F,6,FALSE) -> 0.27310096 | W71: =VLOOKUP(A71,ndvi_vegnativa!A:F,2,FALSE) -> 0.75751391 | X71: =VLOOKUP(A71,ndvi_cana!A:F,2,FALSE) -> 0.47623802 | Y71: =VLOOKUP(A71,fragmentos!A:F,2,FALSE) -> 210.77222
A72: P081 | B72: C2 | C72: 059.028605 | D72: 14B | E72: 42921 | F72: 0.47083333 | G72: 95 | H72: 42949 | I72: 0.31736111 | J72: 74 | K72: 116 | L72: cerradao | M72: 9 | N72: 21.35414 | O72: 047.54936 | P72: em regeneracao | R72: =VLOOKUP(A72,comp!A:F,2,FALSE) -> 14.463089 | S72: =VLOOKUP(A72,comp!A:F,3,FALSE) -> 36.618053 | T72: =VLOOKUP(A72,comp!A:F,4,FALSE) -> 18.65533 | U72: =VLOOKUP(A72,comp!A:F,5,FALSE) -> 3.8938003 | V72: =VLOOKUP(A72,comp!A:F,6,FALSE) -> 0.27310096 | W72: =VLOOKUP(A72,ndvi_vegnativa!A:F,2,FALSE) -> 0.75751391 | X72: =VLOOKUP(A72,ndvi_cana!A:F,2,FALSE) -> 0.47623802 | Y72: =VLOOKUP(A72,fragmentos!A:F,2,FALSE) -> 210.77222
A73: P081 | B73: C3 | C73: 059.028601 | D73: 5B | E73: 42921 | F73: 0.53194444 | G73: 94 | H73: 42949 | I73: 0.32916667 | J73: 68 | K73: 90 | L73: cerradao | M73: 10 | N73: 21.35239 | O73: 047.54743 | P73: em regeneracao | R73: =VLOOKUP(A73,comp!A:F,2,FALSE) -> 14.463089 | S73: =VLOOKUP(A73,comp!A:F,3,FALSE) -> 36.618053 | T73: =VLOOKUP(A73,comp!A:F,4,FALSE) -> 18.65533 | U73: =VLOOKUP(A73,comp!A:F,5,FALSE) -> 3.8938003 | V73: =VLOOKUP(A73,comp!A:F,6,FALSE) -> 0.27310096 | W73: =VLOOKUP(A73,ndvi_vegnativa!A:F,2,FALSE) -> 0.75751391 | X73: =VLOOKUP(A73,ndvi_cana!A:F,2,FALSE) -> 0.47623802 | Y73: =VLOOKUP(A73,fragmentos!A:F,2,FALSE) -> 210.77222
A74: P085 | B74: C1 | C74: 059.028591 | D74: 6A | E74: 43012 | F74: 0.54791667 | G74: 90 | H74: 43046 | I74: 0.33819444 | J74: 65 | K74: 83 | L74: app | M74: 20 | N74: 20.71596 | O74: 047.43686 | P74: mata ripária (mais para mata atlêntica) / samambaia / canela subbosque / serrapilheira úmida | R74: =VLOOKUP(A74,comp!A:F,2,FALSE) -> 20.840137 | S74: =VLOOKUP(A74,comp!A:F,3,FALSE) -> 55.273383 | T74: =VLOOKUP(A74,comp!A:F,4,FALSE) -> 19.891323 | U74: =VLOOKUP(A74,comp!A:F,5,FALSE) -> 2.5170336 | V74: =VLOOKUP(A74,comp!A:F,6,FALSE) -> 0.54620193 | W74: =VLOOKUP(A74,ndvi_vegnativa!A:F,2,FALSE) -> 0.80462012 | X74: =VLOOKUP(A74,ndvi_cana!A:F,2,FALSE) -> 0.68725212 | Y74: =VLOOKUP(A74,fragmentos!A:F,2,FALSE) -> 134.16564
A75: P085 | B75: C2 | C75: 059.031066 | D75: 14A | E75: 43012 | F75: 0.60347222 | G75: 93 | H75: 43046 | I75: 0.35347222 | J75: 75 | K75: 361 | L75: app | M75: 25 | N75: 20.71336 | O75: 047.43736 | P75: mata ripária / muita agua / toca de tatu em frente | R75: =VLOOKUP(A75,comp!A:F,2,FALSE) -> 20.840137 | S75: =VLOOKUP(A75,comp!A:F,3,FALSE) -> 55.273383 | T75: =VLOOKUP(A75,comp!A:F,4,FALSE) -> 19.891323 | U75: =VLOOKUP(A75,comp!A:F,5,FALSE) -> 2.5170336 | V75: =VLOOKUP(A75,comp!A:F,6,FALSE) -> 0.54620193 | W75: =VLOOKUP(A75,ndvi_vegnativa!A:F,2,FALSE) -> 0.80462012 | X75: =VLOOKUP(A75,ndvi_cana!A:F,2,FALSE) -> 0.68725212 | Y75: =VLOOKUP(A75,fragmentos!A:F,2,FALSE) -> 134.16564
A76: P085 | B76: C3 | C76: 059.028587 | D76: 15A | E76: 43012 | F76: 0.64375 | G76: 93 | H76: 43046 | I76: 0.36527778 | J76: 79 | K76: 404 | L76: mesofila | M76: 10 | N76: 20.71190 | O76: 047.43579 | P76: mata mesofila / dossel descontinuo / sem foto da camera | R76: =VLOOKUP(A76,comp!A:F,2,FALSE) -> 20.840137 | S76: =VLOOKUP(A76,comp!A:F,3,FALSE) -> 55.273383 | T76: =VLOOKUP(A76,comp!A:F,4,FALSE) -> 19.891323 | U76: =VLOOKUP(A76,comp!A:F,5,FALSE) -> 2.5170336 | V76: =VLOOKUP(A76,comp!A:F,6,FALSE) -> 0.54620193 | W76: =VLOOKUP(A76,ndvi_vegnativa!A:F,2,FALSE) -> 0.80462012 | X76: =VLOOKUP(A76,ndvi_cana!A:F,2,FALSE) -> 0.68725212 | Y76: =VLOOKUP(A76,fragmentos!A:F,2,FALSE) -> 134.16564
A77: P090 | B77: C1 | C77: 059.028602 | D77: 19A | E77: 43192 | F77: 0.44097222 | G77: 99 | H77: 43227 | I77: 0.72569444 | J77: 79 | K77: 114 | L77: mesofila | M77: 19 | N77: 20.66672 | O77: 047.11433 | P77: mesofila semidecidua degradada / emergentes 25m / água próxima / area de pasto com muito gado | Q77: toca de tatu | R77: =VLOOKUP(A77,comp!A:F,2,FALSE) -> 58.941796 | S77: =VLOOKUP(A77,comp!A:F,3,FALSE) -> 2.646918 | T77: =VLOOKUP(A77,comp!A:F,4,FALSE) -> 20.584011 | U77: =VLOOKUP(A77,comp!A:F,5,FALSE) -> 17.469659 | V77: =VLOOKUP(A77,comp!A:F,6,FALSE) -> 0 | W77: =VLOOKUP(A77,ndvi_vegnativa!A:F,2,FALSE) -> 0.84669764 | X77: =VLOOKUP(A77,ndvi_cana!A:F,2,FALSE) -> 0.38203452 | Y77: =VLOOKUP(A77,fragmentos!A:F,2,FALSE) -> 119.89098
A78: P090 | B78: C2 | C78: 059.028601 | D78: 16A | E78: 43192 | F78: 0.47430556 | G78: 99 | H78: 43227 | I78: 0.71388889 | J78: 77 | K78: 129 | L78: mesofila | M78: 19 | N78: 20.66265 | O78: 047.11563 | P78: mesofila degradada com muita liana na borda / emergentes 25-30m / area cercada / ponto no topo de vertente / GPS nil | R78: =VLOOKUP(A78,comp!A:F,2,FALSE) -> 58.941796 | S78: =VLOOKUP(A78,comp!A:F,3,FALSE) -> 2.646918 | T78: =VLOOKUP(A78,comp!A:F,4,FALSE) -> 20.584011 | U78: =VLOOKUP(A78,comp!A:F,5,FALSE) -> 17.469659 | V78: =VLOOKUP(A78,comp!A:F,6,FALSE) -> 0 | W78: =VLOOKUP(A78,ndvi_vegnativa!A:F,2,FALSE) -> 0.84669764 | X78: =VLOOKUP(A78,ndvi_cana!A:F,2,FALSE) -> 0.38203452 | Y78: =VLOOKUP(A78,fragmentos!A:F,2,FALSE) -> 119.89098
A79: P090 | B79: C3 | C79: 059.028587 | D79: 11A | E79: 43192 | F79: 0.57430556 | G79: 99 | H79: 43227 | I79: 0.67708333 | J79: 87 | K79: 309 | L79: mesofila | M79: 19 | N79: 20.67400 | O79: 047.11994 | P79: mesofila / dossel descontinuo / grande figueira / proxima a agua / dentro de erosão | R79: =VLOOKUP(A79,comp!A:F,2,FALSE) -> 58.941796 | S79: =VLOOKUP(A79,comp!A:F,3,FALSE) -> 2.646918 | T79: =VLOOKUP(A79,comp!A:F,4,FALSE) -> 20.584011 | U79: =VLOOKUP(A79,comp!A:F,5,FALSE) -> 17.469659 | V79: =VLOOKUP(A79,comp!A:F,6,FALSE) -> 0 | W79: =VLOOKUP(A79,ndvi_vegnativa!A:F,2,FALSE) -> 0.84669764 | X79: =VLOOKUP(A79,ndvi_cana!A:F,2,FALSE) -> 0.38203452 | Y79: =VLOOKUP(A79,fragmentos!A:F,2,FALSE) -> 119.89098
A80: P094 | B80: C1 | C80: 059.028607 | D80: 1A | E80: 43196 | F80: 0.42291667 | G80: 99 | H80: 43223 | I80: 0.70069444 | J80: 87 | K80: 120 | L80: mesofila | M80: 10 | N80: 20.73936 | O80: 047.33524 | P80: mesofila de galeria/ perto de riacho | R80: =VLOOKUP(A80,comp!A:F,2,FALSE) -> 23.322909 | S80: =VLOOKUP(A80,comp!A:F,3,FALSE) -> 19.756008 | T80: =VLOOKUP(A80,comp!A:F,4,FALSE) -> 32.76139 | U80: =VLOOKUP(A80,comp!A:F,5,FALSE) -> 3.7922971 | V80: =VLOOKUP(A80,comp!A:F,6,FALSE) -> 0.27329333 | W80: =VLOOKUP(A80,ndvi_vegnativa!A:F,2,FALSE) -> 0.76801574 | X80: =VLOOKUP(A80,ndvi_cana!A:F,2,FALSE) -> 0.62534963 | Y80: =VLOOKUP(A80,fragmentos!A:F,2,FALSE) -> 118.71328
A81: P094 | B81: C2 | C81: 059.028596 | D81: 4A | E81: 43196 | F81: 0.48819444 | G81: 99 | H81: 43223 | I81: 0.675 | J81: 87 | K81: 195 | L81: cerradao | M81: 11 | N81: 20.74042 | O81: 047.34075 | P81: cerradao preservado / perto de riacho pequeno / o lado de eucalipto | R81: =VLOOKUP(A81,comp!A:F,2,FALSE) -> 23.322909 | S81: =VLOOKUP(A81,comp!A:F,3,FALSE) -> 19.756008 | T81: =VLOOKUP(A81,comp!A:F,4,FALSE) -> 32.76139 | U81: =VLOOKUP(A81,comp!A:F,5,FALSE) -> 3.7922971 | V81: =VLOOKUP(A81,comp!A:F,6,FALSE) -> 0.27329333 | W81: =VLOOKUP(A81,ndvi_vegnativa!A:F,2,FALSE) -> 0.76801574 | X81: =VLOOKUP(A81,ndvi_cana!A:F,2,FALSE) -> 0.62534963 | Y81: =VLOOKUP(A81,fragmentos!A:F,2,FALSE) -> 118.71328
A82: P094 | B82: C3 | C82: 059.028598 | D82: 12A | E82: 43196 | F82: 0.56180556 | G82: 99 | H82: 43223 | I82: 0.65347222 | J82: 83 | K82: 179 | L82: mata | M82: 11 | N82: 20.74355 | O82: 047.33417 | Q82: fossado de tatu | R82: =VLOOKUP(A82,comp!A:F,2,FALSE) -> 23.322909 | S82: =VLOOKUP(A82,comp!A:F,3,FALSE) -> 19.756008 | T82: =VLOOKUP(A82,comp!A:F,4,FALSE) -> 32.76139 | U82: =VLOOKUP(A82,comp!A:F,5,FALSE) -> 3.7922971 | V82: =VLOOKUP(A82,comp!A:F,6,FALSE) -> 0.27329333 | W82: =VLOOKUP(A82,ndvi_vegnativa!A:F,2,FALSE) -> 0.76801574 | X82: =VLOOKUP(A82,ndvi_cana!A:F,2,FALSE) -> 0.62534963 | Y82: =VLOOKUP(A82,fragmentos!A:F,2,FALSE) -> 118.71328
A83: P096 | B83: C1 | C83: 059.028599 | D83: 5A | E83: 42947 | F83: 0.65972222 | G83: 93 | H83: 42977 | I83: 0.34791667 | J83: 72 | K83: 60 | L83: cerradao | M83: 10 | N83: 21.43966 | O83: 048.13380 | P83: emergentes de 15m | Q83: vocalização de callithrix_sp | R83: =VLOOKUP(A83,comp!A:F,2,FALSE) -> 8.4396384 | S83: =VLOOKUP(A83,comp!A:F,3,FALSE) -> 79.86821 | T83: =VLOOKUP(A83,comp!A:F,4,FALSE) -> 7.7778716 | U83: =VLOOKUP(A83,comp!A:F,5,FALSE) -> 0.030976317 | V83: =VLOOKUP(A83,comp!A:F,6,FALSE) -> 3.3567064 | W83: =VLOOKUP(A83,ndvi_vegnativa!A:F,2,FALSE) -> 0.75505287 | X83: =VLOOKUP(A83,ndvi_cana!A:F,2,FALSE) -> 0.508473 | Y83: =VLOOKUP(A83,fragmentos!A:F,2,FALSE) -> 126.60603
A84: P096 | B84: C2 | C84: 059.031067 | D84: 15A | E84: 42947 | F84: 0.58888889 | G84: 93 | H84: 42977 | I84: 0.35694444 | J84: 77 | K84: 98 | L84: app | M84: 10 | N84: 21.43584 | O84: 048.13262 | P84: mata alagada com brejo / samambaias / emergentes de 15m / pomar com goiabeiras, pitanga mamão / em regeneracao | R84: =VLOOKUP(A84,comp!A:F,2,FALSE) -> 8.4396384 | S84: =VLOOKUP(A84,comp!A:F,3,FALSE) -> 79.86821 | T84: =VLOOKUP(A84,comp!A:F,4,FALSE) -> 7.7778716 | U84: =VLOOKUP(A84,comp!A:F,5,FALSE) -> 0.030976317 | V84: =VLOOKUP(A84,comp!A:F,6,FALSE) -> 3.3567064 | W84: =VLOOKUP(A84,ndvi_vegnativa!A:F,2,FALSE) -> 0.75505287 | X84: =VLOOKUP(A84,ndvi_cana!A:F,2,FALSE) -> 0.508473 | Y84: =VLOOKUP(A84,fragmentos!A:F,2,FALSE) -> 126.60603
A85: P096 | B85: C3 | C85: 059.028592 | D85: 13A | E85: 42947 | F85: 0.46180556 | G85: 91 | H85: 42977 | I85: 0.36875 | J85: 72 | K85: 131 | L85: cerradao | M85: 10 | N85: 21.42928 | O85: 048.13752 | P85: com caraguatá e samambaia / emergentes de 15m | R85: =VLOOKUP(A85,comp!A:F,2,FALSE) -> 8.4396384 | S85: =VLOOKUP(A85,comp!A:F,3,FALSE) -> 79.86821 | T85: =VLOOKUP(A85,comp!A:F,4,FALSE) -> 7.7778716 | U85: =VLOOKUP(A85,comp!A:F,5,FALSE) -> 0.030976317 | V85: =VLOOKUP(A85,comp!A:F,6,FALSE) -> 3.3567064 | W85: =VLOOKUP(A85,ndvi_vegnativa!A:F,2,FALSE) -> 0.75505287 | X85: =VLOOKUP(A85,ndvi_cana!A:F,2,FALSE) -> 0.508473 | Y85: =VLOOKUP(A85,fragmentos!A:F,2,FALSE) -> 126.60603
A86: P099 | B86: C2 | C86: 059.028602 | D86: 12B | E86: 42922 | F86: 0.46736111 | G86: 94 | H86: 42950 | I86: 0.34513889 | J86: 66 | K86: 135 | L86: transicao | M86: 10 | N86: 21.46233 | O86: 048.66568 | P86: transicao mesofila-cerradao / emergentes 20m | Q86: toca de tatu | R86: =VLOOKUP(A86,comp!A:F,2,FALSE) -> 36.665915 | S86: =VLOOKUP(A86,comp!A:F,3,FALSE) -> 50.69601 | T86: =VLOOKUP(A86,comp!A:F,4,FALSE) -> 11.113616 | U86: =VLOOKUP(A86,comp!A:F,5,FALSE) -> 1.3610234 | V86: =VLOOKUP(A86,comp!A:F,6,FALSE) -> 0.025360685 | W86: =VLOOKUP(A86,ndvi_vegnativa!A:F,2,FALSE) -> 0.83519889 | X86: =VLOOKUP(A86,ndvi_cana!A:F,2,FALSE) -> 0.46705315 | Y86: =VLOOKUP(A86,fragmentos!A:F,2,FALSE) -> 145.38852
A87: P099 | B87: C3 | C87: 059.028606 | D87: 2B | E87: 42922 | F87: 0.52569444 | G87: 97 | H87: 42950 | I87: 0.36666667 | J87: 68 | K87: 289 | L87: mesofila | M87: 12 | N87: 21.45281 | O87: 048.66575 | R87: =VLOOKUP(A87,comp!A:F,2,FALSE) -> 36.665915 | S87: =VLOOKUP(A87,comp!A:F,3,FALSE) -> 50.69601 | T87: =VLOOKUP(A87,comp!A:F,4,FALSE) -> 11.113616 | U87: =VLOOKUP(A87,comp!A:F,5,FALSE) -> 1.3610234 | V87: =VLOOKUP(A87,comp!A:F,6,FALSE) -> 0.025360685 | W87: =VLOOKUP(A87,ndvi_vegnativa!A:F,2,FALSE) -> 0.83519889 | X87: =VLOOKUP(A87,ndvi_cana!A:F,2,FALSE) -> 0.46705315 | Y87: =VLOOKUP(A87,fragmentos!A:F,2,FALSE) -> 145.38852
A88: P100 | B88: C1 | C88: 059.028607 | D88: 4A | E88: 42892 | F88: 0.34722222 | G88: 99 | H88: 42920 | I88: 0.36111111 | J88: 87 | K88: 306 | L88: app | M88: 12 | N88: 21.32512 | O88: 047.93902 | P88: app muito degradada / muito cipó e liana / próximo a curso d'água | R88: =VLOOKUP(A88,comp!A:F,2,FALSE) -> 7.5147929 | S88: =VLOOKUP(A88,comp!A:F,3,FALSE) -> 72.116089 | T88: =VLOOKUP(A88,comp!A:F,4,FALSE) -> 19.70696 | U88: =VLOOKUP(A88,comp!A:F,5,FALSE) -> 0.15497323 | V88: =VLOOKUP(A88,comp!A:F,6,FALSE) -> 0.50718512 | W88: =VLOOKUP(A88,ndvi_vegnativa!A:F,2,FALSE) -> 0.79580996 | X88: =VLOOKUP(A88,ndvi_cana!A:F,2,FALSE) -> 0.5052008 | Y88: =VLOOKUP(A88,fragmentos!A:F,2,FALSE) -> 127.52065
A89: P100 | B89: C2 | C89: 059.028608 | D89: 5A | E89: 42892 | F89: 0.42222222 | G89: 99 | H89: 42920 | I89: 0.37569444 | J89: 88 | K89: 249 | L89: app | M89: 15 | N89: 21.33187 | O89: 047.94440 | P89: app em regeneração | R89: =VLOOKUP(A89,comp!A:F,2,FALSE) -> 7.5147929 | S89: =VLOOKUP(A89,comp!A:F,3,FALSE) -> 72.116089 | T89: =VLOOKUP(A89,comp!A:F,4,FALSE) -> 19.70696 | U89: =VLOOKUP(A89,comp!A:F,5,FALSE) -> 0.15497323 | V89: =VLOOKUP(A89,comp!A:F,6,FALSE) -> 0.50718512 | W89: =VLOOKUP(A89,ndvi_vegnativa!A:F,2,FALSE) -> 0.79580996 | X89: =VLOOKUP(A89,ndvi_cana!A:F,2,FALSE) -> 0.5052008 | Y89: =VLOOKUP(A89,fragmentos!A:F,2,FALSE) -> 127.52065
A90: P100 | B90: C3 | C90: 059.028604 | D90: 6A | E90: 42892 | F90: 0.38055556 | G90: 97 | H90: 42920 | I90: 0.38333333 | J90: 82 | K90: 114 | L90: mata degradada | M90: 20 | N90: 21.33379 | O90: 047.94391 | P90: muito degradada / muito cipó e liana / presença de angicos / no meio da cana | Q90: vocalização e visualização de Callithrix penicillata | R90: =VLOOKUP(A90,comp!A:F,2,FALSE) -> 7.5147929 | S90: =VLOOKUP(A90,comp!A:F,3,FALSE) -> 72.116089 | T90: =VLOOKUP(A90,comp!A:F,4,FALSE) -> 19.70696 | U90: =VLOOKUP(A90,comp!A:F,5,FALSE) -> 0.15497323 | V90: =VLOOKUP(A90,comp!A:F,6,FALSE) -> 0.50718512 | W90: =VLOOKUP(A90,ndvi_vegnativa!A:F,2,FALSE) -> 0.79580996 | X90: =VLOOKUP(A90,ndvi_cana!A:F,2,FALSE) -> 0.5052008 | Y90: =VLOOKUP(A90,fragmentos!A:F,2,FALSE) -> 127.52065
A91: P103 | B91: C1 | C91: 059.028605 | D91: 3A | E91: 42949 | F91: 0.44444444 | G91: 95 | H91: 42979 | I91: 0.31944444 | J91: 75 | K91: 184 | L91: app | M91: 12 | N91: 21.63430 | O91: 047.67762 | P91: cerradao / riacho com agua transparente e areia no fundo | Q91: javali ou cateto? | R91: =VLOOKUP(A91,comp!A:F,2,FALSE) -> 3.3383103 | S91: =VLOOKUP(A91,comp!A:F,3,FALSE) -> 13.660309 | T91: =VLOOKUP(A91,comp!A:F,4,FALSE) -> 22.362453 | U91: =VLOOKUP(A91,comp!A:F,5,FALSE) -> 0.005634279 | V91: =VLOOKUP(A91,comp!A:F,6,FALSE) -> 2.4762656 | W91: =VLOOKUP(A91,ndvi_vegnativa!A:F,2,FALSE) -> 0.78429333 | X91: =VLOOKUP(A91,ndvi_cana!A:F,2,FALSE) -> 0.50114912 | Y91: =VLOOKUP(A91,fragmentos!A:F,2,FALSE) -> 215.02322
A92: P103 | B92: C2 | C92: 059.028600 | D92: 19A | E92: 42949 | F92: 0.56666667 | G92: 95 | H92: 42979 | I92: 0.32708333 | J92: 79 | K92: 139 | L92: cerradao | M92: 11 | N92: 21.62771 | O92: 047.67603 | P92: transicao para varzea / area aberta ao lado da camera | Q92: javali | R92: =VLOOKUP(A92,comp!A:F,2,FALSE) -> 3.3383103 | S92: =VLOOKUP(A92,comp!A:F,3,FALSE) -> 13.660309 | T92: =VLOOKUP(A92,comp!A:F,4,FALSE) -> 22.362453 | U92: =VLOOKUP(A92,comp!A:F,5,FALSE) -> 0.005634279 | V92: =VLOOKUP(A92,comp!A:F,6,FALSE) -> 2.4762656 | W92: =VLOOKUP(A92,ndvi_vegnativa!A:F,2,FALSE) -> 0.78429333 | X92: =VLOOKUP(A92,ndvi_cana!A:F,2,FALSE) -> 0.50114912 | Y92: =VLOOKUP(A92,fragmentos!A:F,2,FALSE) -> 215.02322
A93: P103 | B93: C3 | C93: 059.028601 | D93: 14A | E93: 42949 | F93: 0.65833333 | G93: 94 | H93: 42979 | I93: 0.30625 | J93: 79 | K93: 171 | L93: app | M93: 6 | N93: 21.62621 | O93: 047.67754 | P93: solo preto e úmido / ao lado de um cerrado campo sujo | Q93: tatu-galinha predado | R93: =VLOOKUP(A93,comp!A:F,2,FALSE) -> 3.3383103 | S93: =VLOOKUP(A93,comp!A:F,3,FALSE) -> 13.660309 | T93: =VLOOKUP(A93,comp!A:F,4,FALSE) -> 22.362453 | U93: =VLOOKUP(A93,comp!A:F,5,FALSE) -> 0.005634279 | V93: =VLOOKUP(A93,comp!A:F,6,FALSE) -> 2.4762656 | W93: =VLOOKUP(A93,ndvi_vegnativa!A:F,2,FALSE) -> 0.78429333 | X93: =VLOOKUP(A93,ndvi_cana!A:F,2,FALSE) -> 0.50114912 | Y93: =VLOOKUP(A93,fragmentos!A:F,2,FALSE) -> 215.02322
A94: P104 | B94: C1 | C94: 059.028607 | D94: 5B | E94: 43224 | F94: 0.40625 | G94: 98 | H94: 43257 | I94: 0.70625 | J94: 79 | K94: 130 | L94: mesofila | M94: 17.5 | N94: 20.61386 | O94: 047.12337 | P94: dossel descontinuo e bem conservada / pionus voando ao lado da AF | R94: =VLOOKUP(A94,comp!A:F,2,FALSE) -> 48.921958 | S94: =VLOOKUP(A94,comp!A:F,3,FALSE) -> 0.37766692 | T94: =VLOOKUP(A94,comp!A:F,4,FALSE) -> 25.278318 | U94: =VLOOKUP(A94,comp!A:F,5,FALSE) -> 24.227051 | V94: =VLOOKUP(A94,comp!A:F,6,FALSE) -> 0 | W94: =VLOOKUP(A94,ndvi_vegnativa!A:F,2,FALSE) -> 0.84568354 | X94: =VLOOKUP(A94,ndvi_cana!A:F,2,FALSE) -> 0.69007441 | Y94: =VLOOKUP(A94,fragmentos!A:F,2,FALSE) -> 127.9385
A95: P104 | B95: C2 | C95: 059.028598 | D95: 9B | E95: 43224 | F95: 0.44097222 | G95: 95 | H95: 43257 | I95: 0.72708333 | J95: 57 | K95: 198 | L95: mesofila | M95: 17.5 | N95: 20.61452 | O95: 047.11937 | P95: dossel continuo e bem conservada / emergentes 25-30m | R95: =VLOOKUP(A95,comp!A:F,2,FALSE) -> 48.921958 | S95: =VLOOKUP(A95,comp!A:F,3,FALSE) -> 0.37766692 | T95: =VLOOKUP(A95,comp!A:F,4,FALSE) -> 25.278318 | U95: =VLOOKUP(A95,comp!A:F,5,FALSE) -> 24.227051 | V95: =VLOOKUP(A95,comp!A:F,6,FALSE) -> 0 | W95: =VLOOKUP(A95,ndvi_vegnativa!A:F,2,FALSE) -> 0.84568354 | X95: =VLOOKUP(A95,ndvi_cana!A:F,2,FALSE) -> 0.69007441 | Y95: =VLOOKUP(A95,fragmentos!A:F,2,FALSE) -> 127.9385
A96: P104 | B96: C3 | C96: 059.028596 | D96: 7B | E96: 43224 | F96: 0.53819444 | G96: 99 | H96: 43257 | I96: 0.75208333 | J96: 75 | K96: 173 | L96: mesofila | M96: 17.5 | N96: 20.61140 | O96: 047.12542 | P96: super figueira ao lado da AF / declividade / preservada | R96: =VLOOKUP(A96,comp!A:F,2,FALSE) -> 48.921958 | S96: =VLOOKUP(A96,comp!A:F,3,FALSE) -> 0.37766692 | T96: =VLOOKUP(A96,comp!A:F,4,FALSE) -> 25.278318 | U96: =VLOOKUP(A96,comp!A:F,5,FALSE) -> 24.227051 | V96: =VLOOKUP(A96,comp!A:F,6,FALSE) -> 0 | W96: =VLOOKUP(A96,ndvi_vegnativa!A:F,2,FALSE) -> 0.84568354 | X96: =VLOOKUP(A96,ndvi_cana!A:F,2,FALSE) -> 0.69007441 | Y96: =VLOOKUP(A96,fragmentos!A:F,2,FALSE) -> 127.9385
A97: P108 | B97: C1 | C97: 059028606 | D97: 11B | E97: 43353 | F97: 0.48472222 | G97: 97 | H97: 43397 | I97: 0.35277778 | J97: NA | K97: 372 | L97: decidua | M97: 20 | N97: 21.91124 | O97: 048.26903 | P97: muito angico, em uma encosta com solo aflorado | R97: =VLOOKUP(A97,comp!A:F,2,FALSE) -> 18.354234 | S97: =VLOOKUP(A97,comp!A:F,3,FALSE) -> 50.655206 | T97: =VLOOKUP(A97,comp!A:F,4,FALSE) -> 20.977878 | U97: =VLOOKUP(A97,comp!A:F,5,FALSE) -> 3.6127941 | V97: =VLOOKUP(A97,comp!A:F,6,FALSE) -> 4.3764971 | W97: =VLOOKUP(A97,ndvi_vegnativa!A:F,2,FALSE) -> 0.80281893 | X97: =VLOOKUP(A97,ndvi_cana!A:F,2,FALSE) -> 0.55406297 | Y97: =VLOOKUP(A97,fragmentos!A:F,2,FALSE) -> 145.66654
A98: P108 | B98: C2 | C98: 059028598 | D98: 6B | E98: 43353 | F98: 0.52569444 | G98: 94 | H98: 43397 | I98: 0.37013889 | J98: NA | K98: 509 | L98: app | M98: NA | N98: 21.90940 | O98: 048.25984 | P98: parece transição cerradão (caraguatá) e mesófila, perto varzea, caixa de abelha abandonada perto | R98: =VLOOKUP(A98,comp!A:F,2,FALSE) -> 18.354234 | S98: =VLOOKUP(A98,comp!A:F,3,FALSE) -> 50.655206 | T98: =VLOOKUP(A98,comp!A:F,4,FALSE) -> 20.977878 | U98: =VLOOKUP(A98,comp!A:F,5,FALSE) -> 3.6127941 | V98: =VLOOKUP(A98,comp!A:F,6,FALSE) -> 4.3764971 | W98: =VLOOKUP(A98,ndvi_vegnativa!A:F,2,FALSE) -> 0.80281893 | X98: =VLOOKUP(A98,ndvi_cana!A:F,2,FALSE) -> 0.55406297 | Y98: =VLOOKUP(A98,fragmentos!A:F,2,FALSE) -> 145.66654
A99: P108 | B99: C3 | C99: 059028596 | D99: 5B | E99: 43353 | F99: 0.69236111 | G99: 98 | H99: 43397 | I99: 0.33472222 | J99: NA | K99: 288 | L99: transicao | M99: 15 | N99: 21.90670 | O99: 048.25770 | P99: transição mesófila/cerradão, emergentes 20m, muita trilha erodida de moto e bicicleta (foto) | R99: =VLOOKUP(A99,comp!A:F,2,FALSE) -> 18.354234 | S99: =VLOOKUP(A99,comp!A:F,3,FALSE) -> 50.655206 | T99: =VLOOKUP(A99,comp!A:F,4,FALSE) -> 20.977878 | U99: =VLOOKUP(A99,comp!A:F,5,FALSE) -> 3.6127941 | V99: =VLOOKUP(A99,comp!A:F,6,FALSE) -> 4.3764971 | W99: =VLOOKUP(A99,ndvi_vegnativa!A:F,2,FALSE) -> 0.80281893 | X99: =VLOOKUP(A99,ndvi_cana!A:F,2,FALSE) -> 0.55406297 | Y99: =VLOOKUP(A99,fragmentos!A:F,2,FALSE) -> 145.66654
A100: P111 | B100: C1 | C100: 059.028601 | D100: 4A | E100: 43326 | F100: 0.46736111 | G100: 95 | H100: 43354 | I100: 0.37638889 | J100: 83 | K100: 170 | L100: cerradao | M100: 11 | N100: 21.18493 | O100: 047.14350 | P100: solo arenoso e claro | R100: =VLOOKUP(A100,comp!A:F,2,FALSE) -> 44.052851 | S100: =VLOOKUP(A100,comp!A:F,3,FALSE) -> 3.9159342 | T100: =VLOOKUP(A100,comp!A:F,4,FALSE) -> 27.58339 | U100: =VLOOKUP(A100,comp!A:F,5,FALSE) -> 23.016678 | V100: =VLOOKUP(A100,comp!A:F,6,FALSE) -> 0.26200135 | W100: =VLOOKUP(A100,ndvi_vegnativa!A:F,2,FALSE) -> 0.77703104 | X100: =VLOOKUP(A100,ndvi_cana!A:F,2,FALSE) -> 0.46752978 | Y100: =VLOOKUP(A100,fragmentos!A:F,2,FALSE) -> 108.62093
...

Sheet comp
A1: ID | B1: agricultura_3000m | C1: cana_300m | D1: floresta_3000m | E1: pastagem_3000m | F1: veg_herb_arb_3000m | G1: ndvi_vegnativa_3000m
A2: p003 | B2: 29.234672 | C2: 58.883721 | D2: 9.5870331 | E2: 1.9281184 | F2: 0.10147992
A3: p006 | B3: 18.718462 | C3: 62.946466 | D3: 10.261326 | E3: 7.932794 | F3: 0.064838046
A4: p009 | B4: 19.082786 | C4: 71.826817 | D4: 1.801167 | E4: 0.28187276 | F4: 4.3746653
A5: p010 | B5: 56.627864 | C5: 33.135094 | D5: 4.881761 | E5: 3.2695397 | F5: 0.13810987
A6: p011 | B6: 29.41276 | C6: 49.925291 | D6: 15.914409 | E6: 4.2175298 | F6: 0.36085817
A7: p013 | B7: 55.055515 | C7: 8.0369723 | D7: 12.824776 | E7: 22.772361 | F7: 0
A8: p015 | B8: 18.511526 | C8: 71.887505 | D8: 9.1444513 | E8: 0.26207518 | F8: 0.095812433
A9: p020 | B9: 28.731228 | C9: 63.021611 | D9: 5.221042 | E9: 0.38601336 | F9: 2.507678
A10: p021 | B10: 37.63129 | C10: 52.220314 | D10: 5.9780925 | E10: 2.9116098 | F10: 0.6532819
A11: p027 | B11: 14.183018 | C11: 69.181326 | D11: 3.1997068 | E11: 2.8219441 | F11: 5.9060668
A12: p034 | B12: 22.419428 | C12: 66.291977 | D12: 8.3502366 | E12: 1.9579671 | F12: 0.40004508
A13: p036 | B13: 25.195098 | C13: 51.097338 | D13: 17.698267 | E13: 5.431751 | F13: 0.17467249
... A56: p151 | B56: 27.423581 | C56: 64.161149 | D56: 5.1077617 | E56: 2.6792506 | F56: 0.20566277

Sheet ndvi_vegnativa
A1: Código da Paisagem | B1: ndvi_vegnativa_3000m
A2: p003 | B2: 0.8295516
A3: p006 | B3: 0.7741789
A4: p009 | B4: 0.64742379
A5: p010 | B5: 0.79797654
A6: p011 | B6: 0.79507342
A7: p013 | B7: 0.83003473
A8: p015 | B8: 0.76979756
A9: p020 | B9: 0.7769241
A10: p021 | B10: 0.82636901
A11: p027 | B11: 0.68702282
A12: p034 | B12: 0.83198154
A13: p036 | B13: 0.82827918
... A56: p151 | B56: 0.79888114

Sheet ndvi_cana
A1: paisagem | B1: ndvi_cana_3000
A2: p003 | B2: 0.50019547
A3: p006 | B3: 0.58468119
A4: p009 | B4: 0.58366613
A5: p010 | B5: 0.56314177
A6: p011 | B6: 0.66780353
A7: p013 | B7: 0.63405669
A8: p015 | B8: 0.59983377
A9: p020 | B9: 0.51090354
A10: p021 | B10: 0.65787421
A11: p027 | B11: 0.54530585
A12: p034 | B12: 0.53925551
A13: p036 | B13: 0.51138194
... A56: p151 | B56: 0.52322599

Sheet fragmentos
A1: ID | B1: enn_mn_3000
A2: p003 | B2: 148.78106
A3: p006 | B3: 154.97493
A4: p009 | B4: 158.05964
A5: p010 | B5: 171.47332
A6: p011 | B6: 137.03222
A7: p013 | B7: 149.96065
A8: p015 | B8: 162.04573
A9: p020 | B9: 386.30962
A10: p021 | B10: 362.02819
A11: p027 | B11: 206.10476
A12: p034 | B12: 198.1737
A13: p036 | B13: 178.41672
... A47: p137 | B47: 118.21171
A48: p138
A49: p140 | B49: 177.41682
A50: p142 | B50: 116.04844
A51: p145 | B51: 144.59065
A52: p146 | B52: 96.409354
A53: p147 | B53: 70.864246
A54: p148 | B54: 127.92367
A55: p150 | B55: 186.4031
A56: p151 | B56: 221.77758
